sample,position,aragonite_thickness_um,calcite_thickness_um,date
1_1,2,77.827,446.194,10.07.1888
1_1,2,79.326,419.244,10.07.1888
1_1,2,75.871,440.741,10.07.1888
1_1,2,73.047,400.642,10.07.1888
1_1,2,74.928,353.447,10.07.1888
1_1,2,75.987,342.634,10.07.1888
1_1,2,82.949,316.848,10.07.1888
1_1,2,98.426,331.364,10.07.1888
1_1,2,103.769,366.345,10.07.1888
1_1,2,82.938,383.612,10.07.1888
1_2,2,41.24,526.214,10.07.1888
1_2,2,486,100.232,10.07.1888
1_2,2,50.845,543.212,10.07.1888
1_2,2,50.895,571.095,10.07.1888
1_2,2,51.204,590.925,10.07.1888
1_2,2,53.432,571.481,10.07.1888
1_2,2,55.065,568.979,10.07.1888
1_2,2,54.434,611.215,10.07.1888
1_2,2,53.566,612.603,10.07.1888
1_2,2,55.089,569.078,10.07.1888
1_3,2,87.363,423.819,10.07.1888
1_3,2,71.876,450.996,10.07.1888
1_3,2,61.567,440.009,10.07.1888
1_3,2,51.632,426.067,10.07.1888
1_3,2,56.872,441.822,10.07.1888
1_3,2,55.153,501.582,10.07.1888
1_3,2,51.63,552.702,10.07.1888
1_3,2,44.236,561.671,10.07.1888
1_3,2,37.925,563.073,10.07.1888
1_3,2,32.553,593.426,10.07.1888
1_4,2,70.437,332.695,10.07.1888
1_4,2,61.286,357.202,10.07.1888
1_4,2,52.64,389.267,10.07.1888
1_4,2,40.895,439.881,10.07.1888
1_4,2,35.378,413.618,10.07.1888
1_4,2,35.161,434.263,10.07.1888
1_4,2,35.902,284.534,10.07.1888
1_4,2,40.437,377.926,10.07.1888
1_4,2,53.563,402.1,10.07.1888
1_4,2,73.481,427.516,10.07.1888
1_5,2,107.046,879.916,10.07.1888
1_5,2,97.209,955.962,10.07.1888
1_5,2,70.921,1012.021,10.07.1888
1_5,2,57.427,971.337,10.07.1888
1_5,2,89.985,961.106,10.07.1888
1_5,2,120.432,932.702,10.07.1888
1_5,2,191.174,845.946,10.07.1888
1_5,2,224.883,777.171,10.07.1888
1_5,2,256.121,698.529,10.07.1888
1_5,2,379.093,530.731,10.07.1888
1_6,2,32.577,492.866,10.07.1888
1_6,2,32.495,515.565,10.07.1888
1_6,2,43.481,525.344,10.07.1888
1_6,2,60.084,452.619,10.07.1888
1_6,2,64.647,415.092,10.07.1888
1_6,2,66.25,405.917,10.07.1888
1_6,2,64.154,359.653,10.07.1888
1_6,2,60.583,377.292,10.07.1888
1_6,2,58.468,377.396,10.07.1888
1_6,2,60.976,431.737,10.07.1888
2_1,2,167.736,638.562,28.07.1904
2_1,2,171.504,665.979,28.07.1904
2_1,2,172.685,724.848,28.07.1904
2_1,2,176.821,736.711,28.07.1904
2_1,2,185.704,663.265,28.07.1904
2_1,2,164.213,597.968,28.07.1904
2_1,2,162.684,617.345,28.07.1904
2_1,2,160.765,644.187,28.07.1904
2_1,2,131.533,835.558,28.07.1904
2_1,2,101.123,986.609,28.07.1904
2_2,2,110.797,884.008,28.07.1904
2_2,2,96.68,888.895,28.07.1904
2_2,2,90.569,894.231,28.07.1904
2_2,2,88.997,904.503,28.07.1904
2_2,2,99.633,908.852,28.07.1904
2_2,2,74.452,884.95,28.07.1904
2_2,2,70.034,790.033,28.07.1904
2_2,2,73.888,848.511,28.07.1904
2_2,2,72.44,880.241,28.07.1904
2_2,2,66.6,911.185,28.07.1904
2_3,2,57.173,1097.977,28.07.1904
2_3,2,49.59,1086.983,28.07.1904
2_3,2,49.181,1075.845,28.07.1904
2_3,2,45.986,1105.884,28.07.1904
2_3,2,54.169,1047.212,28.07.1904
2_3,2,55.91,1108.42,28.07.1904
2_3,2,49.489,1195.285,28.07.1904
2_3,2,42.569,1197.568,28.07.1904
2_3,2,47.883,1119.923,28.07.1904
2_3,2,39.582,1168.034,28.07.1904
2_4,2,55.182,601.759,28.07.1904
2_4,2,64.771,666.406,28.07.1904
2_4,2,55.46,686.021,28.07.1904
2_4,2,82.623,631.822,28.07.1904
2_4,2,54.442,654.076,28.07.1904
2_4,2,59.583,666.198,28.07.1904
2_4,2,71.854,648.992,28.07.1904
2_4,2,96.563,695.659,28.07.1904
2_4,2,85.094,788.62,28.07.1904
2_4,2,74.449,849.797,28.07.1904
2_5,2,280.724,414.911,28.07.1904
2_5,2,250.56,499.253,28.07.1904
2_5,2,222.263,527.434,28.07.1904
2_5,2,208.165,539.54,28.07.1904
2_5,2,189.547,566.21,28.07.1904
2_5,2,171.418,580.677,28.07.1904
2_5,2,162.816,578.36,28.07.1904
2_5,2,175.982,571.227,28.07.1904
2_5,2,187.049,523.408,28.07.1904
2_5,2,191.954,471.022,28.07.1904
2_6,2,60.074,1279.328,28.07.1904
2_6,2,57.883,1263.309,28.07.1904
2_6,2,68.09,1303.099,28.07.1904
2_6,2,76.12,1172.186,28.07.1904
2_6,2,82.046,1103.568,28.07.1904
2_6,2,64.243,1130.189,28.07.1904
2_6,2,69.286,1190.256,28.07.1904
2_6,2,59.775,1160.632,28.07.1904
2_6,2,70.052,1154.185,28.07.1904
2_6,2,64.503,1165.873,28.07.1904
2_7,2,177.043,704.891,28.07.1904
2_7,2,174.822,796.717,28.07.1904
2_7,2,183.959,803.989,28.07.1904
2_7,2,163.739,768.787,28.07.1904
2_7,2,174.121,664.282,28.07.1904
2_7,2,187.237,610.227,28.07.1904
2_7,2,203.949,537.043,28.07.1904
2_7,2,214.005,510.295,28.07.1904
2_7,2,228.281,466.571,28.07.1904
2_7,2,229.832,478.463,28.07.1904
2_8,2,59.57,815.285,28.07.1904
2_8,2,63.734,860.119,28.07.1904
2_8,2,57.173,826.249,28.07.1904
2_8,2,53.554,816.492,28.07.1904
2_8,2,41.602,795.895,28.07.1904
2_8,2,41.005,708.036,28.07.1904
2_8,2,32.715,667.615,28.07.1904
2_8,2,33.724,637.902,28.07.1904
2_8,2,36.427,680.586,28.07.1904
2_8,2,35.834,696.886,28.07.1904
2_9,2,97.981,562.32,28.07.1904
2_9,2,101.085,539.911,28.07.1904
2_9,2,91.701,575.717,28.07.1904
2_9,2,89.61,529.384,28.07.1904
2_9,2,78.662,480.374,28.07.1904
2_9,2,86.034,513.853,28.07.1904
2_9,2,89.283,555.42,28.07.1904
2_9,2,91.211,563.939,28.07.1904
2_9,2,100.742,474.49,28.07.1904
2_9,2,100.096,485.159,28.07.1904
2_10,2,51.947,863.085,28.07.1904
2_10,2,40.306,715.119,28.07.1904
2_10,2,41.668,751.194,28.07.1904
2_10,2,41.727,677.031,28.07.1904
2_10,2,54.434,618.214,28.07.1904
2_10,2,69.986,660.984,28.07.1904
2_10,2,68.316,749.135,28.07.1904
2_10,2,83.535,745.088,28.07.1904
2_10,2,101.126,741.122,28.07.1904
2_10,2,102.986,714.591,28.07.1904
3_1,2,125.051,890.068,26.05.1911
3_1,2,118.502,907.731,26.05.1911
3_1,2,110.72,916.515,26.05.1911
3_1,2,116.644,959.884,26.05.1911
3_1,2,101.835,991.903,26.05.1911
3_1,2,109.513,1037.779,26.05.1911
3_1,2,103.586,1044.181,26.05.1911
3_1,2,94.566,1143.803,26.05.1911
3_1,2,86.05,1164.619,26.05.1911
3_1,2,81.973,1179.783,26.05.1911
3_2,2,72.529,1725.07,26.05.1911
3_2,2,74.946,1753.313,26.05.1911
3_2,2,93.187,1786.467,26.05.1911
3_2,2,101.017,1808.25,26.05.1911
3_2,2,109.899,1752.469,26.05.1911
3_2,2,105.405,1655.606,26.05.1911
3_2,2,100.419,1655.853,26.05.1911
3_2,2,91.331,1710.679,26.05.1911
3_2,2,96.659,1696.831,26.05.1911
3_2,2,91.096,1686.809,26.05.1911
3_3,2,124.967,776.204,26.05.1911
3_3,2,130.864,772.19,26.05.1911
3_3,2,130.597,725.559,26.05.1911
3_3,2,139.009,699.61,26.05.1911
3_3,2,137.88,696.667,26.05.1911
3_3,2,117.789,734.206,26.05.1911
3_3,2,117.814,729.486,26.05.1911
3_3,2,115,761.208,26.05.1911
3_3,2,110.94,784.478,26.05.1911
3_3,2,123.27,679.106,26.05.1911
3_4,2,181.237,1148.915,26.05.1911
3_4,2,182.407,1104.528,26.05.1911
3_4,2,195.985,1098.035,26.05.1911
3_4,2,191.368,1130.4,26.05.1911
3_4,2,186.624,1075.428,26.05.1911
3_4,2,194.649,1075.678,26.05.1911
3_4,2,205.98,996.835,26.05.1911
3_4,2,195.238,956.78,26.05.1911
3_4,2,200.424,1096.625,26.05.1911
3_4,2,220.753,1104.044,26.05.1911
3_5,2,201.851,1095.778,26.05.1911
3_5,2,198.885,1070.658,26.05.1911
3_5,2,204.945,1077.062,26.05.1911
3_5,2,221.131,1112.322,26.05.1911
3_5,2,238.838,1137.344,26.05.1911
3_5,2,249.278,1123.817,26.05.1911
3_5,2,246.292,1162.939,26.05.1911
3_5,2,249.533,1195.316,26.05.1911
3_5,2,232.749,1220.148,26.05.1911
3_5,2,230.396,1251.728,26.05.1911
3_6,2,28.728,1667.698,26.05.1911
3_6,2,34.428,1671.243,26.05.1911
3_6,2,31.415,1759.382,26.05.1911
3_6,2,31.591,1828.276,26.05.1911
3_6,2,32.75,1849.295,26.05.1911
3_6,2,29.161,1855.133,26.05.1911
3_6,2,31.151,1974.672,26.05.1911
3_6,2,24.757,2045.731,26.05.1911
3_6,2,18.692,2090.275,26.05.1911
3_6,2,21.446,2090.275,26.05.1911
3_7,2,146.045,593.023,26.05.1911
3_7,2,147.704,609.141,26.05.1911
3_7,2,150.473,602.49,26.05.1911
3_7,2,149.943,614.307,26.05.1911
3_7,2,162.018,607.696,26.05.1911
3_7,2,143.375,639.112,26.05.1911
3_7,2,139.018,637.713,26.05.1911
3_7,2,138.473,654.793,26.05.1911
3_7,2,123.597,712.583,26.05.1911
3_7,2,132.953,781.174,26.05.1911
3_8,2,78.713,1233.67,26.05.1911
3_8,2,75.113,1323.759,26.05.1911
3_8,2,77.378,1298.469,26.05.1911
3_8,2,86.684,1251.634,26.05.1911
3_8,2,79.971,1323.715,26.05.1911
3_8,2,69.331,1332.119,26.05.1911
3_8,2,80.193,1266.074,26.05.1911
3_8,2,94.773,1222.333,26.05.1911
3_8,2,102.349,1201.311,26.05.1911
3_8,2,122.295,1172.503,26.05.1911
3_9,2,141.192,1376.274,26.05.1911
3_9,2,151.713,1271.735,26.05.1911
3_9,2,148.066,1225.674,26.05.1911
3_9,2,142.01,1189.256,26.05.1911
3_9,2,148.235,1181.022,26.05.1911
3_9,2,159.354,1169.715,26.05.1911
3_9,2,193.02,1120.016,26.05.1911
3_9,2,201.931,1003.79,26.05.1911
3_9,2,192.19,998.38,26.05.1911
3_9,2,186.052,1000.171,26.05.1911
3_10,2,160.036,1034.608,26.05.1911
3_10,2,153.935,960.02,26.05.1911
3_10,2,165.921,985.632,26.05.1911
3_10,2,145.179,868.305,26.05.1911
3_10,2,141.291,1071.435,26.05.1911
3_10,2,126.547,1125.184,26.05.1911
3_10,2,123.621,1115.661,26.05.1911
3_10,2,114.912,1109.651,26.05.1911
3_10,2,133.396,1139.297,26.05.1911
3_10,2,115.611,1062.106,26.05.1911
4_1,2,173.727,385.709,04.06.1911
4_1,2,161.546,417.716,04.06.1911
4_1,2,160.294,473.718,04.06.1911
4_1,2,165.419,481.329,04.06.1911
4_1,2,165.246,478.241,04.06.1911
4_1,2,161.358,456.856,04.06.1911
4_1,2,159.102,448.344,04.06.1911
4_1,2,147.82,487.273,04.06.1911
4_1,2,141.041,492.679,04.06.1911
4_1,2,144.051,446.799,04.06.1911
4_2,2,169.382,429.266,04.06.1911
4_2,2,177.012,396.506,04.06.1911
4_2,2,163.649,464.698,04.06.1911
4_2,2,154.69,513.891,04.06.1911
4_2,2,156.959,581.253,04.06.1911
4_2,2,151.768,518.253,04.06.1911
4_2,2,149.524,556.621,04.06.1911
4_2,2,140.024,598.199,04.06.1911
4_2,2,128.007,681.898,04.06.1911
4_2,2,127.442,717.109,04.06.1911
7_1,2,196.608,495.065,15.06.1928
7_1,2,197.292,460.349,15.06.1928
7_1,2,197.349,502.048,15.06.1928
7_1,2,192.581,538.083,15.06.1928
7_1,2,193.495,558.285,15.06.1928
7_1,2,187.655,580.633,15.06.1928
7_1,2,177.967,557.5,15.06.1928
7_1,2,183.391,616.588,15.06.1928
7_1,2,176.329,665.325,15.06.1928
7_1,2,173.514,696.886,15.06.1928
7_2,2,42.635,1033.418,15.06.1928
7_2,2,43.828,1033.608,15.06.1928
7_2,2,40.773,1097.803,15.06.1928
7_2,2,41.932,1100.523,15.06.1928
7_2,2,34.434,1140.843,15.06.1928
7_2,2,39.883,1087.851,15.06.1928
7_2,2,39.256,1032.41,15.06.1928
7_2,2,47.716,930.144,15.06.1928
7_2,2,56.663,882.321,15.06.1928
7_2,2,61.819,833.879,15.06.1928
7_3,2,154.534,750.689,15.06.1928
7_3,2,155.958,723.129,15.06.1928
7_3,2,153.203,662.455,15.06.1928
7_3,2,165.379,587.087,15.06.1928
7_3,2,167.676,551.629,15.06.1928
7_3,2,153.095,534.619,15.06.1928
7_3,2,151.52,515.046,15.06.1928
7_3,2,149.015,533.737,15.06.1928
7_3,2,130.112,537.744,15.06.1928
7_3,2,116.424,545.827,15.06.1928
7_4,2,287.787,567.959,15.06.1928
7_4,2,259.379,527.525,15.06.1928
7_4,2,274.858,492.988,15.06.1928
7_4,2,257,419.925,15.06.1928
7_4,2,248.154,408.835,15.06.1928
7_4,2,228.428,376.663,15.06.1928
7_4,2,238.671,406.704,15.06.1928
7_4,2,236.78,443.579,15.06.1928
7_4,2,231.406,449.468,15.06.1928
7_4,2,247.667,367.537,15.06.1928
7_5,2,191.196,537.532,15.06.1928
7_5,2,175.851,583.83,15.06.1928
7_5,2,151.905,609.181,15.06.1928
7_5,2,135.846,545.891,15.06.1928
7_5,2,116.644,571.07,15.06.1928
7_5,2,122.907,560.615,15.06.1928
7_5,2,119.464,561.655,15.06.1928
7_5,2,120.934,590.109,15.06.1928
7_5,2,121.903,632.942,15.06.1928
7_5,2,127.025,605.939,15.06.1928
8_1,2,115.724,847.652,27.07.1929
8_1,2,112.706,911.976,27.07.1929
8_1,2,117.221,1003.002,27.07.1929
8_1,2,109.86,1039.765,27.07.1929
8_1,2,87.483,1103.259,27.07.1929
8_1,2,97.203,1049.797,27.07.1929
8_1,2,82.623,1052.227,27.07.1929
8_1,2,93.271,1044.763,27.07.1929
8_1,2,94.88,1046.695,27.07.1929
8_1,2,89.216,1093.954,27.07.1929
8_2,2,103.502,571.177,27.07.1929
8_2,2,99.633,578.821,27.07.1929
8_2,2,105.198,624.229,27.07.1929
8_2,2,89.913,566.21,27.07.1929
8_2,2,75.641,474.611,27.07.1929
8_2,2,69.527,483.807,27.07.1929
8_2,2,82.351,469.101,27.07.1929
8_2,2,84.044,524.063,27.07.1929
8_2,2,91.758,565.84,27.07.1929
8_2,2,80.485,533.757,27.07.1929
8_3,2,64.541,904.264,27.07.1929
8_3,2,64.089,947.452,27.07.1929
8_3,2,59.773,1027.868,27.07.1929
8_3,2,71.197,1062.303,27.07.1929
8_3,2,69.986,972.035,27.07.1929
8_3,2,50.856,951.724,27.07.1929
8_3,2,43.321,1019.014,27.07.1929
8_3,2,35.61,1069.913,27.07.1929
8_3,2,37.601,1096.411,27.07.1929
8_3,2,33.788,1090.785,27.07.1929
8_4,2,469.586,929.658,27.07.1929
8_4,2,472.95,977.634,27.07.1929
8_4,2,475.428,933.771,27.07.1929
8_4,2,481.884,885.63,27.07.1929
8_4,2,477.949,929.006,27.07.1929
8_4,2,475.229,906.815,27.07.1929
8_4,2,490.527,872.233,27.07.1929
8_4,2,481.156,829.423,27.07.1929
8_4,2,407.142,876.482,27.07.1929
8_4,2,392.701,942.197,27.07.1929
8_5,2,79.081,891.712,27.07.1929
8_5,2,81.495,857.842,27.07.1929
8_5,2,82.489,824.64,27.07.1929
8_5,2,82.263,747.838,27.07.1929
8_5,2,101.166,722.526,27.07.1929
8_5,2,87.971,679.911,27.07.1929
8_5,2,106.877,618.289,27.07.1929
8_5,2,120.574,669.117,27.07.1929
8_5,2,101.163,621.505,27.07.1929
8_5,2,108.609,639.451,27.07.1929
9_1,2,132.463,507.429,05.08.1929
9_1,2,130.224,470.17,05.08.1929
9_1,2,132.422,448.083,05.08.1929
9_1,2,127.631,432.872,05.08.1929
9_1,2,120.342,493.599,05.08.1929
9_1,2,115.379,590.074,05.08.1929
9_1,2,108.47,634.495,05.08.1929
9_1,2,105.196,654.794,05.08.1929
9_1,2,87.454,510.681,05.08.1929
9_1,2,83.493,506.274,05.08.1929
9_2,2,79.35,510.484,05.08.1929
9_2,2,72.225,543.44,05.08.1929
9_2,2,69.075,637.415,05.08.1929
9_2,2,72.998,677.481,05.08.1929
9_2,2,76.841,737.059,05.08.1929
9_2,2,79.109,718.435,05.08.1929
9_2,2,83.595,816.509,05.08.1929
9_2,2,81.795,820.004,05.08.1929
9_2,2,79.088,798.406,05.08.1929
9_2,2,76.642,811.975,05.08.1929
10_1,2,173.575,1013.077,10.08.1932
10_1,2,164.678,1068.49,10.08.1932
10_1,2,143.84,1080.409,10.08.1932
10_1,2,143.698,1095.79,10.08.1932
10_1,2,138.629,1085.949,10.08.1932
10_1,2,137.581,1067.506,10.08.1932
10_1,2,135.025,997.133,10.08.1932
10_1,2,145.625,1071.52,10.08.1932
10_1,2,142.167,1072.738,10.08.1932
10_1,2,157.434,1035.352,10.08.1932
10_2,2,139.897,610.064,10.08.1932
10_2,2,131.986,602.087,10.08.1932
10_2,2,131.817,657.994,10.08.1932
10_2,2,108.268,742.687,10.08.1932
10_2,2,89.793,820.011,10.08.1932
10_2,2,95.678,795.31,10.08.1932
10_2,2,83.821,798.104,10.08.1932
10_2,2,74.367,861.807,10.08.1932
10_2,2,70.969,852.948,10.08.1932
10_2,2,67.14,857.523,10.08.1932
10_3,2,61.946,883.541,10.08.1932
10_3,2,65.042,937.672,10.08.1932
10_3,2,67.158,866.635,10.08.1932
10_3,2,58.868,825.325,10.08.1932
10_3,2,76.706,797.855,10.08.1932
10_3,2,76.399,776.059,10.08.1932
10_3,2,83.588,749.862,10.08.1932
10_3,2,91.145,796.725,10.08.1932
10_3,2,95.561,793.255,10.08.1932
10_3,2,90.907,801.523,10.08.1932
10_4,2,139.03,426.425,10.08.1932
10_4,2,151.161,544.067,10.08.1932
10_4,2,138.664,625.319,10.08.1932
10_4,2,138.097,612.026,10.08.1932
10_4,2,115.799,589.548,10.08.1932
10_4,2,117.68,556.4,10.08.1932
10_4,2,131.403,490.152,10.08.1932
10_4,2,117.314,431.235,10.08.1932
10_4,2,126.435,462.181,10.08.1932
10_4,2,134.259,538.958,10.08.1932
10_5,2,53.587,1024.146,10.08.1932
10_5,2,62.131,1047.069,10.08.1932
10_5,2,47.294,1158.834,10.08.1932
10_5,2,49.319,1161.026,10.08.1932
10_5,2,46.691,1179.84,10.08.1932
10_5,2,47.723,1180.797,10.08.1932
10_5,2,52.853,1190.761,10.08.1932
10_5,2,63.281,1199.47,10.08.1932
10_5,2,65.577,1207.842,10.08.1932
10_5,2,75.092,1132.467,10.08.1932
10_6,2,149.936,690.393,10.08.1932
10_6,2,160.608,657.947,10.08.1932
10_6,2,174.239,619.629,10.08.1932
10_6,2,172.536,629.392,10.08.1932
10_6,2,152.282,639.324,10.08.1932
10_6,2,144.791,623.303,10.08.1932
10_6,2,132.365,596.952,10.08.1932
10_6,2,135.949,661.587,10.08.1932
10_6,2,124.135,737.5,10.08.1932
10_6,2,120.332,876.348,10.08.1932
10_7,2,126.293,707.72,10.08.1932
10_7,2,98.82,757.062,10.08.1932
10_7,2,93.797,797.364,10.08.1932
10_7,2,96.063,767.174,10.08.1932
10_7,2,87.693,755.049,10.08.1932
10_7,2,94.332,718.851,10.08.1932
10_7,2,96.012,724.768,10.08.1932
10_7,2,89.951,692.4,10.08.1932
10_7,2,95.06,745.573,10.08.1932
10_7,2,89.024,822.037,10.08.1932
12_1,2,156.643,350.154,13.07.1936
12_1,2,148.575,401.897,13.07.1936
12_1,2,146.363,430.954,13.07.1936
12_1,2,138.593,534.95,13.07.1936
12_1,2,128.795,478.726,13.07.1936
12_1,2,123.358,466.886,13.07.1936
12_1,2,131.856,414.719,13.07.1936
12_1,2,107.528,427.895,13.07.1936
12_1,2,119.008,417.019,13.07.1936
12_1,2,125.316,464.375,13.07.1936
12_2,2,74.532,484.788,13.07.1936
12_2,2,63.239,686.403,13.07.1936
12_2,2,66.495,688.221,13.07.1936
12_2,2,69.826,680.87,13.07.1936
12_2,2,58.748,724.796,13.07.1936
12_2,2,48.434,758.409,13.07.1936
12_2,2,53.677,800.511,13.07.1936
12_2,2,36.759,836.006,13.07.1936
12_2,2,38.532,942.306,13.07.1936
12_2,2,43.767,1000.064,13.07.1936
12_3,2,165.041,655.414,13.07.1936
12_3,2,162.071,668.671,13.07.1936
12_3,2,173.279,806.821,13.07.1936
12_3,2,160.479,783.7,13.07.1936
12_3,2,156.087,822.856,13.07.1936
12_3,2,147.984,807.715,13.07.1936
12_3,2,154.597,755.197,13.07.1936
12_3,2,150.174,924.772,13.07.1936
12_3,2,146.968,965.097,13.07.1936
12_3,2,135.942,988.411,13.07.1936
12_4,2,171.007,639.076,13.07.1936
12_4,2,193.01,543.383,13.07.1936
12_4,2,227.237,534.884,13.07.1936
12_4,2,224.709,526.718,13.07.1936
12_4,2,226.449,525.579,13.07.1936
12_4,2,220.043,551.271,13.07.1936
12_4,2,215.792,468.52,13.07.1936
12_4,2,227.007,371.208,13.07.1936
12_4,2,212.89,454.062,13.07.1936
12_4,2,203.025,518.661,13.07.1936
12_5,2,172.137,753.011,13.07.1936
12_5,2,217.889,713.433,13.07.1936
12_5,2,220.661,707.389,13.07.1936
12_5,2,185.615,735.082,13.07.1936
12_5,2,171.994,770.008,13.07.1936
12_5,2,155.525,738.746,13.07.1936
12_5,2,137.352,770.371,13.07.1936
12_5,2,144.501,777.078,13.07.1936
12_5,2,152.192,788.44,13.07.1936
12_5,2,155.709,719.843,13.07.1936
12_6,2,123.457,532.081,13.07.1936
12_6,2,128.73,513.269,13.07.1936
12_6,2,141.103,529.979,13.07.1936
12_6,2,135.276,565.001,13.07.1936
12_6,2,137.43,547.05,13.07.1936
12_6,2,149.693,519.066,13.07.1936
12_6,2,140.499,554.55,13.07.1936
12_6,2,162.71,582.247,13.07.1936
12_6,2,171.007,653.496,13.07.1936
12_6,2,176.408,654.726,13.07.1936
12_7,2,167.524,579.42,13.07.1936
12_7,2,161.084,641.952,13.07.1936
12_7,2,146.774,647.064,13.07.1936
12_7,2,143.006,676.09,13.07.1936
12_7,2,110.735,646.838,13.07.1936
12_7,2,102.064,607.521,13.07.1936
12_7,2,93.841,611.585,13.07.1936
12_7,2,100.155,566.188,13.07.1936
12_7,2,108.481,472.105,13.07.1936
12_7,2,113.091,556.05,13.07.1936
12_8,2,57.729,501.478,13.07.1936
12_8,2,55.297,562.284,13.07.1936
12_8,2,61.744,634.491,13.07.1936
12_8,2,63.53,749.304,13.07.1936
12_8,2,58.602,748.955,13.07.1936
12_8,2,72.962,744.132,13.07.1936
12_8,2,73.831,748.178,13.07.1936
12_8,2,69.411,853.011,13.07.1936
12_8,2,67.553,828.176,13.07.1936
12_8,2,63.154,840.48,13.07.1936
12_9,2,101.334,701.681,13.07.1936
12_9,2,105.496,567.405,13.07.1936
12_9,2,111.168,599.747,13.07.1936
12_9,2,114.738,600.888,13.07.1936
12_9,2,104.98,618.213,13.07.1936
12_9,2,93.982,603.012,13.07.1936
12_9,2,93.791,586.092,13.07.1936
12_9,2,83.819,645.714,13.07.1936
12_9,2,87.917,625.01,13.07.1936
12_9,2,96.226,595.23,13.07.1936
12_10,2,45.47,1067.541,13.07.1936
12_10,2,44.851,1120.058,13.07.1936
12_10,2,47.73,1069.484,13.07.1936
12_10,2,62.21,1082.846,13.07.1936
12_10,2,45.514,1153.249,13.07.1936
12_10,2,46.149,1164.779,13.07.1936
12_10,2,40.497,1071.193,13.07.1936
12_10,2,21.889,1261.427,13.07.1936
12_10,2,15.143,1350.993,13.07.1936
12_10,2,14.443,1305.158,13.07.1936
16_1,2,209.427,629.742,22.04.1938
16_1,2,218.33,528.744,22.04.1938
16_1,2,221.308,571.504,22.04.1938
16_1,2,212.712,597.729,22.04.1938
16_1,2,194.502,624.639,22.04.1938
16_1,2,209.959,589.053,22.04.1938
16_1,2,220.219,556.539,22.04.1938
16_1,2,211.592,550.384,22.04.1938
16_1,2,204.924,546.577,22.04.1938
16_1,2,178.348,529.933,22.04.1938
16_2,2,212.645,468.683,22.04.1938
16_2,2,213.074,499.951,22.04.1938
16_2,2,207.687,481.436,22.04.1938
16_2,2,196.486,393.484,22.04.1938
16_2,2,194.91,359.653,22.04.1938
16_2,2,188.095,393.643,22.04.1938
16_2,2,188.693,436.07,22.04.1938
16_2,2,191.573,451.704,22.04.1938
16_2,2,184.48,485.531,22.04.1938
16_2,2,181.612,459.733,22.04.1938
16_3,2,239.145,692.844,22.04.1938
16_3,2,231.676,699.758,22.04.1938
16_3,2,251.846,675.601,22.04.1938
16_3,2,268.619,620.839,22.04.1938
16_3,2,280.792,669.079,22.04.1938
16_3,2,269.301,661.896,22.04.1938
16_3,2,284.033,653.784,22.04.1938
16_3,2,276.23,644.744,22.04.1938
16_3,2,265.446,784.131,22.04.1938
16_3,2,264.893,766.749,22.04.1938
16_4,2,195.936,697.02,22.04.1938
16_4,2,197.787,762.375,22.04.1938
16_4,2,197.909,911.873,22.04.1938
16_4,2,207.889,943.997,22.04.1938
16_4,2,205.606,882.686,22.04.1938
16_4,2,218.708,799.498,22.04.1938
16_4,2,220.083,717.442,22.04.1938
16_4,2,230.262,667.984,22.04.1938
16_4,2,240.501,653.188,22.04.1938
16_4,2,252.487,676.707,22.04.1938
16_5,2,135.305,585.741,22.04.1938
16_5,2,159.222,762.394,22.04.1938
16_5,2,149.672,797.126,22.04.1938
16_5,2,136.046,720.658,22.04.1938
16_5,2,138.39,640.561,22.04.1938
16_5,2,143.283,594.727,22.04.1938
16_5,2,138.515,551.629,22.04.1938
16_5,2,141.496,575.083,22.04.1938
16_5,2,144.218,629.348,22.04.1938
16_5,2,151.966,608.61,22.04.1938
16_6,2,177.719,665.826,22.04.1938
16_6,2,160.807,554.834,22.04.1938
16_6,2,164.507,499.494,22.04.1938
16_6,2,167.824,514.157,22.04.1938
16_6,2,167.773,490.454,22.04.1938
16_6,2,168.731,598.173,22.04.1938
16_6,2,178.758,650.225,22.04.1938
16_6,2,171.787,685.947,22.04.1938
16_6,2,183.677,709.592,22.04.1938
16_6,2,169.742,699.597,22.04.1938
16_7,2,192.262,678.129,22.04.1938
16_7,2,192.55,701.398,22.04.1938
16_7,2,157.956,908.851,22.04.1938
16_7,2,116.644,1086.248,22.04.1938
16_7,2,88.427,1147.503,22.04.1938
16_7,2,76.738,1237.524,22.04.1938
16_7,2,81.516,1234.95,22.04.1938
16_7,2,65.265,1190.284,22.04.1938
16_7,2,77.96,1173.982,22.04.1938
16_7,2,99.166,1248.46,22.04.1938
16_8,2,176.798,431.149,22.04.1938
16_8,2,184.989,514.076,22.04.1938
16_8,2,210.158,455.966,22.04.1938
16_8,2,209.03,441.82,22.04.1938
16_8,2,211.594,495.439,22.04.1938
16_8,2,209.565,488.44,22.04.1938
16_8,2,190.519,571.556,22.04.1938
16_8,2,194.729,619.822,22.04.1938
16_8,2,183.083,679.74,22.04.1938
16_8,2,172.704,729.331,22.04.1938
16_9,2,217.616,581.676,22.04.1938
16_9,2,209.049,554.019,22.04.1938
16_9,2,204.139,589.177,22.04.1938
16_9,2,196.351,631.822,22.04.1938
16_9,2,189.42,602.968,22.04.1938
16_9,2,173.347,613.902,22.04.1938
16_9,2,163.739,641.959,22.04.1938
16_9,2,160.831,679.757,22.04.1938
16_9,2,133.628,751.57,22.04.1938
16_9,2,124.256,704.24,22.04.1938
16_10,2,272.522,755.455,22.04.1938
16_10,2,259.809,656.661,22.04.1938
16_10,2,260.724,664.017,22.04.1938
16_10,2,263.149,688.628,22.04.1938
16_10,2,267.309,801.929,22.04.1938
16_10,2,267.716,873.434,22.04.1938
16_10,2,247.731,880.478,22.04.1938
16_10,2,222.661,911.795,22.04.1938
16_10,2,234.66,882.228,22.04.1938
16_10,2,216.663,831.857,22.04.1938
18_2,2,180.091,617.139,13.09.1945
18_2,2,176.162,641.094,13.09.1945
18_2,2,176.992,712.749,13.09.1945
18_2,2,176.386,801.044,13.09.1945
18_2,2,163.351,908.796,13.09.1945
18_2,2,150.667,816.788,13.09.1945
18_2,2,138.09,858.917,13.09.1945
18_2,2,143.507,877.469,13.09.1945
18_2,2,140.94,891.412,13.09.1945
18_2,2,131.796,906.201,13.09.1945
18_3,2,54.883,745.129,13.09.1945
18_3,2,69.477,601.231,13.09.1945
18_3,2,100.283,483.639,13.09.1945
18_3,2,87.366,507.172,13.09.1945
18_3,2,85.539,533.452,13.09.1945
18_3,2,101.022,543.846,13.09.1945
18_3,2,100.622,593.672,13.09.1945
18_3,2,91.997,621.121,13.09.1945
18_3,2,84.871,582.027,13.09.1945
18_3,2,80.151,617.467,13.09.1945
18_4,2,214.939,539.142,13.09.1945
18_4,2,202.567,520.137,13.09.1945
18_4,2,187.131,563.019,13.09.1945
18_4,2,195.813,500.923,13.09.1945
18_4,2,160.681,542.563,13.09.1945
18_4,2,146.045,515.87,13.09.1945
18_4,2,135.612,494.862,13.09.1945
18_4,2,142.364,529.674,13.09.1945
18_4,2,154.858,555.795,13.09.1945
18_4,2,172.492,403.06,13.09.1945
18_5,2,203.731,417.249,13.09.1945
18_5,2,193.734,456.145,13.09.1945
18_5,2,185.348,532.488,13.09.1945
18_5,2,188.491,565.168,13.09.1945
18_5,2,188.49,584.515,13.09.1945
18_5,2,175.597,614.521,13.09.1945
18_5,2,169.306,630.382,13.09.1945
18_5,2,153.017,651.446,13.09.1945
18_5,2,145.54,601.113,13.09.1945
18_5,2,128.85,634.612,13.09.1945
18_6,2,196.025,403.603,13.09.1945
18_6,2,205.201,390.665,13.09.1945
18_6,2,195.597,402.06,13.09.1945
18_6,2,197.891,435.632,13.09.1945
18_6,2,204.201,410.143,13.09.1945
18_6,2,205.181,468.778,13.09.1945
18_6,2,210.268,453.722,13.09.1945
18_6,2,200.037,457.215,13.09.1945
18_6,2,189.584,444.578,13.09.1945
18_6,2,212.03,377.857,13.09.1945
18_7,2,238.856,564.535,13.09.1945
18_7,2,202.773,561.875,13.09.1945
18_7,2,174.606,635.561,13.09.1945
18_7,2,133.152,794.597,13.09.1945
18_7,2,119.074,848.1,13.09.1945
18_7,2,96.784,903.139,13.09.1945
18_7,2,96.299,918.707,13.09.1945
18_7,2,93.037,859.466,13.09.1945
18_7,2,59.737,893.975,13.09.1945
18_7,2,57.316,888.366,13.09.1945
18_8,2,149.954,745.434,13.09.1945
18_8,2,158.8,703.323,13.09.1945
18_8,2,151.759,658.891,13.09.1945
18_8,2,140.945,622.525,13.09.1945
18_8,2,125.947,613.856,13.09.1945
18_8,2,117.727,562.236,13.09.1945
18_8,2,134.99,579.065,13.09.1945
18_8,2,119.224,635.604,13.09.1945
18_8,2,109.24,652.331,13.09.1945
18_8,2,103.257,707.749,13.09.1945
18_9,2,63.146,968.405,13.09.1945
18_9,2,55.836,842.634,13.09.1945
18_9,2,54.884,724.531,13.09.1945
18_9,2,62.04,792.321,13.09.1945
18_9,2,66.927,768.684,13.09.1945
18_9,2,84.73,820.015,13.09.1945
18_9,2,80.256,810.938,13.09.1945
18_9,2,81.796,819.073,13.09.1945
18_9,2,79.242,847.009,13.09.1945
18_9,2,90.627,920.469,13.09.1945
19_1,2,158.962,416.437,19.04.1946
19_1,2,133.008,465.153,19.04.1946
19_1,2,125.761,502.237,19.04.1946
19_1,2,110.141,563.235,19.04.1946
19_1,2,99.633,544.34,19.04.1946
19_1,2,96.262,527.522,19.04.1946
19_1,2,115.23,474.926,19.04.1946
19_1,2,132.803,407.972,19.04.1946
19_1,2,125.112,438.153,19.04.1946
19_1,2,107.984,440.094,19.04.1946
19_2,2,145.783,402.852,19.04.1946
19_2,2,160.455,422.099,19.04.1946
19_2,2,170.414,413.088,19.04.1946
19_2,2,168.308,413.075,19.04.1946
19_2,2,179.219,410.3,19.04.1946
19_2,2,193.195,396.77,19.04.1946
19_2,2,184.315,409.98,19.04.1946
19_2,2,179.904,401.428,19.04.1946
19_2,2,185.412,496.742,19.04.1946
19_2,2,161.015,447.983,19.04.1946
20_1,2,45.171,406.607,19.08.1946
20_1,2,47.622,322.982,19.08.1946
20_1,2,43.466,278.054,19.08.1946
20_1,2,48.846,307.074,19.08.1946
20_1,2,68.042,293.555,19.08.1946
20_1,2,91.371,468.521,19.08.1946
20_1,2,77.763,480.185,19.08.1946
20_1,2,67.275,522.67,19.08.1946
20_1,2,90.431,380.184,19.08.1946
20_1,2,114.321,321.761,19.08.1946
20_3,2,27.74,867.536,19.08.1946
20_3,2,22.021,827.783,19.08.1946
20_3,2,32.79,664.911,19.08.1946
20_3,2,43.482,711.516,19.08.1946
20_3,2,34.637,759.52,19.08.1946
20_3,2,39.575,715.891,19.08.1946
20_3,2,43.547,657.873,19.08.1946
20_3,2,45.857,679.955,19.08.1946
20_3,2,44.837,622.831,19.08.1946
20_3,2,45.999,605.036,19.08.1946
20_4,2,110.055,583.452,19.08.1946
20_4,2,107.782,678.825,19.08.1946
20_4,2,101.557,655.769,19.08.1946
20_4,2,86.834,640.773,19.08.1946
20_4,2,81.341,650.596,19.08.1946
20_4,2,69.986,694.033,19.08.1946
20_4,2,72.856,665.558,19.08.1946
20_4,2,60.266,662.927,19.08.1946
20_4,2,73.843,638.894,19.08.1946
20_4,2,73.265,613.586,19.08.1946
20_5,2,73.786,832.298,19.08.1946
20_5,2,76.362,787.844,19.08.1946
20_5,2,47.906,779.532,19.08.1946
20_5,2,55.129,765.826,19.08.1946
20_5,2,65.409,733.409,19.08.1946
20_5,2,73.007,757.526,19.08.1946
20_5,2,91.046,711.34,19.08.1946
20_5,2,91.944,679.44,19.08.1946
20_5,2,101.845,640.305,19.08.1946
20_5,2,105.052,665.692,19.08.1946
20_6,2,97.863,591.371,19.08.1946
20_6,2,87.852,559.001,19.08.1946
20_6,2,94.109,574.795,19.08.1946
20_6,2,95.804,621.363,19.08.1946
20_6,2,93.861,646.064,19.08.1946
20_6,2,79.707,651.263,19.08.1946
20_6,2,75.564,568.671,19.08.1946
20_6,2,73.849,566.452,19.08.1946
20_6,2,69.984,524.69,19.08.1946
20_6,2,41.975,510.513,19.08.1946
20_7,2,84.224,604.094,19.08.1946
20_7,2,83.457,574.105,19.08.1946
20_7,2,75.635,520.544,19.08.1946
20_7,2,66.721,615.74,19.08.1946
20_7,2,68.075,703.127,19.08.1946
20_7,2,56.378,655.151,19.08.1946
20_7,2,47.739,692.309,19.08.1946
20_7,2,46.809,759.015,19.08.1946
20_7,2,42.938,629.662,19.08.1946
20_7,2,42.844,681.286,19.08.1946
20_8,2,64.414,395.781,19.08.1946
20_8,2,54.425,362.615,19.08.1946
20_8,2,53.152,379.523,19.08.1946
20_8,2,42.77,458.8,19.08.1946
20_8,2,44.269,898.714,19.08.1946
20_8,2,36.937,452.968,19.08.1946
20_8,2,29.734,456.247,19.08.1946
20_8,2,58.399,402.715,19.08.1946
20_8,2,50.748,372.816,19.08.1946
20_8,2,51.026,361.484,19.08.1946
20_9,2,55.474,783.109,19.08.1946
20_9,2,51.516,855.929,19.08.1946
20_9,2,61.47,919.756,19.08.1946
20_9,2,100.201,720.543,19.08.1946
20_9,2,89.202,517.838,19.08.1946
20_9,2,110.185,381.724,19.08.1946
20_9,2,110.953,413.964,19.08.1946
20_9,2,110.679,456.958,19.08.1946
20_9,2,110.742,496.631,19.08.1946
20_9,2,99.855,500.381,19.08.1946
22_1,2,99.325,1018.003,15.10.1946
22_1,2,94.679,1049.708,15.10.1946
22_1,2,111.431,1050.531,15.10.1946
22_1,2,123.126,1022.351,15.10.1946
22_1,2,134.141,921.488,15.10.1946
22_1,2,137.131,902.343,15.10.1946
22_1,2,138.399,913.06,15.10.1946
22_1,2,135.042,851.691,15.10.1946
22_1,2,134.02,827.478,15.10.1946
22_1,2,117.302,822.542,15.10.1946
22_2,2,73.291,1044.913,15.10.1946
22_2,2,90.232,1048.888,15.10.1946
22_2,2,107.913,1093.142,15.10.1946
22_2,2,144.254,970.275,15.10.1946
22_2,2,190.519,857.334,15.10.1946
22_2,2,214.99,775.834,15.10.1946
22_2,2,264.36,846.31,15.10.1946
22_2,2,259.905,988.288,15.10.1946
22_2,2,227.744,1085.07,15.10.1946
22_2,2,204.876,1160.444,15.10.1946
22_3,2,156.11,865.801,15.10.1946
22_3,2,148.111,879.886,15.10.1946
22_3,2,165.6,801.816,15.10.1946
22_3,2,156.643,742.413,15.10.1946
22_3,2,164.122,770.414,15.10.1946
22_3,2,145.885,725.721,15.10.1946
22_3,2,134.944,692.875,15.10.1946
22_3,2,133.709,711.69,15.10.1946
22_3,2,130.188,761.441,15.10.1946
22_3,2,112.109,789.286,15.10.1946
24_1,2,172.22,594.596,17.09.1947
24_1,2,139.224,645.574,17.09.1947
24_1,2,132.47,579.919,17.09.1947
24_1,2,147.337,589.348,17.09.1947
24_1,2,149.766,644.78,17.09.1947
24_1,2,130.253,727.081,17.09.1947
24_1,2,121.498,772.846,17.09.1947
24_1,2,111.634,758.502,17.09.1947
24_1,2,118.962,740.269,17.09.1947
24_1,2,122.254,717.609,17.09.1947
24_2,2,235.824,539.132,17.09.1947
24_2,2,219.969,554.146,17.09.1947
24_2,2,237.047,545.188,17.09.1947
24_2,2,236.847,508.087,17.09.1947
24_2,2,219.127,581.726,17.09.1947
24_2,2,199.87,622.052,17.09.1947
24_2,2,186.4,642.41,17.09.1947
24_2,2,177.198,704.535,17.09.1947
24_2,2,162.649,725.228,17.09.1947
24_2,2,159.425,743.535,17.09.1947
24_3,2,153.049,551.132,17.09.1947
24_3,2,151.296,551.481,17.09.1947
24_3,2,143.691,578.175,17.09.1947
24_3,2,147.183,526.316,17.09.1947
24_3,2,165.521,622.785,17.09.1947
24_3,2,174.082,519.285,17.09.1947
24_3,2,172.915,558.184,17.09.1947
24_3,2,165.408,625.237,17.09.1947
24_3,2,142.306,626.653,17.09.1947
24_3,2,138.073,638.497,17.09.1947
24_4,2,105.243,731.838,17.09.1947
24_4,2,124.265,778.638,17.09.1947
24_4,2,113.052,747.814,17.09.1947
24_4,2,109.157,726.161,17.09.1947
24_4,2,80.812,756.772,17.09.1947
24_4,2,93.315,707.641,17.09.1947
24_4,2,106.924,660.983,17.09.1947
24_4,2,114.344,605.904,17.09.1947
24_4,2,114.655,548.27,17.09.1947
24_4,2,109.759,527.754,17.09.1947
24_5,2,146.048,450.02,17.09.1947
24_5,2,119.595,645.511,17.09.1947
24_5,2,114.7,676.536,17.09.1947
24_5,2,114.963,635.618,17.09.1947
24_5,2,135.424,628.024,17.09.1947
24_5,2,133.429,568.14,17.09.1947
24_5,2,156.366,575.641,17.09.1947
24_5,2,178.601,498.459,17.09.1947
24_5,2,173.986,473.863,17.09.1947
24_5,2,186.363,468.892,17.09.1947
24_6,2,191.051,460.692,17.09.1947
24_6,2,166.029,497.092,17.09.1947
24_6,2,166.334,492.992,17.09.1947
24_6,2,160.869,478.038,17.09.1947
24_6,2,151.708,530.444,17.09.1947
24_6,2,143.861,581.276,17.09.1947
24_6,2,140.19,572.998,17.09.1947
24_6,2,131.889,573.455,17.09.1947
24_6,2,134.483,466.317,17.09.1947
24_6,2,128.091,453.335,17.09.1947
24_7,2,258.268,589.03,17.09.1947
24_7,2,245.091,580.962,17.09.1947
24_7,2,248.164,564.467,17.09.1947
24_7,2,250.563,553.621,17.09.1947
24_7,2,252.083,534.786,17.09.1947
24_7,2,250.771,549.583,17.09.1947
24_7,2,250.043,546.297,17.09.1947
24_7,2,234.598,573.959,17.09.1947
24_7,2,224.753,574.369,17.09.1947
24_7,2,217.518,586.756,17.09.1947
24_8,2,169.337,392.883,17.09.1947
24_8,2,163.432,353.811,17.09.1947
24_8,2,169.099,315.669,17.09.1947
24_8,2,158.786,352.258,17.09.1947
24_8,2,168.261,441.17,17.09.1947
24_8,2,175.995,409.816,17.09.1947
24_8,2,195.848,438.312,17.09.1947
24_8,2,167.966,487.113,17.09.1947
24_8,2,169.173,497.155,17.09.1947
24_8,2,171.66,482.991,17.09.1947
24_9,2,152.348,412.293,17.09.1947
24_9,2,153.131,452.274,17.09.1947
24_9,2,146.363,388.622,17.09.1947
24_9,2,151.353,334.769,17.09.1947
24_9,2,187.636,303.137,17.09.1947
24_9,2,205.758,372.597,17.09.1947
24_9,2,217.692,379.78,17.09.1947
24_9,2,213.866,435.442,17.09.1947
24_9,2,211.48,497.963,17.09.1947
24_9,2,200.654,521.566,17.09.1947
24_10,2,155.724,454.084,17.09.1947
24_10,2,158.57,422.149,17.09.1947
24_10,2,123.855,474.062,17.09.1947
24_10,2,124.421,479.162,17.09.1947
24_10,2,136.344,574.236,17.09.1947
24_10,2,130.145,578.313,17.09.1947
24_10,2,112.871,598.501,17.09.1947
24_10,2,117.036,600.845,17.09.1947
24_10,2,118.118,607.488,17.09.1947
24_10,2,101.868,605.854,17.09.1947
25_1,2,69.64,517.849,01.12.1948
25_1,2,75.539,489.901,01.12.1948
25_1,2,83.326,485.391,01.12.1948
25_1,2,85.626,456.409,01.12.1948
25_1,2,92.877,440.742,01.12.1948
25_1,2,86.616,448.272,01.12.1948
25_1,2,81.699,426.585,01.12.1948
25_1,2,78.189,424.938,01.12.1948
25_1,2,84.056,441.691,01.12.1948
25_1,2,78.159,435.402,01.12.1948
25_2,2,95.828,847.045,01.12.1948
25_2,2,89.031,831.008,01.12.1948
25_2,2,90.314,855.055,01.12.1948
25_2,2,77.271,916.364,01.12.1948
25_2,2,53.415,999.44,01.12.1948
25_2,2,52.085,1034.456,01.12.1948
25_2,2,64.418,1033.775,01.12.1948
25_2,2,77.794,1041.997,01.12.1948
25_2,2,86.547,1061.055,01.12.1948
25_2,2,87.7,1042.971,01.12.1948
25_3,2,118.84,365.424,01.12.1948
25_3,2,102.195,382.34,01.12.1948
25_3,2,106.56,424.827,01.12.1948
25_3,2,97.949,502.103,01.12.1948
25_3,2,82.272,524.035,01.12.1948
25_3,2,71.931,544.339,01.12.1948
25_3,2,74.764,558.542,01.12.1948
25_3,2,76.947,547.454,01.12.1948
25_3,2,84.129,552.34,01.12.1948
25_3,2,68.919,605.021,01.12.1948
26_1,2,205.317,594.59,27.08.1949
26_1,2,214.928,557.794,27.08.1949
26_1,2,228.651,664.8,27.08.1949
26_1,2,228.005,653.485,27.08.1949
26_1,2,238.49,557.716,27.08.1949
26_1,2,246.399,598.792,27.08.1949
26_1,2,250.763,579.1,27.08.1949
26_1,2,257.617,597.012,27.08.1949
26_1,2,267.103,636.744,27.08.1949
26_1,2,274.625,662.474,27.08.1949
26_2,2,274.477,587.013,27.08.1949
26_2,2,256.451,725.846,27.08.1949
26_2,2,254.005,786.902,27.08.1949
26_2,2,226.265,840.107,27.08.1949
26_2,2,223.568,795.124,27.08.1949
26_2,2,223.202,791.682,27.08.1949
26_2,2,232.893,846.359,27.08.1949
26_2,2,256.139,880.51,27.08.1949
26_2,2,258.125,866.88,27.08.1949
26_2,2,305.392,841.829,27.08.1949
26_3,2,93.446,886.87,27.08.1949
26_3,2,110.392,869.261,27.08.1949
26_3,2,88.152,878.958,27.08.1949
26_3,2,110.354,773.883,27.08.1949
26_3,2,157.478,632.785,27.08.1949
26_3,2,237.977,556.17,27.08.1949
26_3,2,265.91,470.135,27.08.1949
26_3,2,262.895,439.358,27.08.1949
26_3,2,234.851,531.366,27.08.1949
26_3,2,232.447,531.419,27.08.1949
26_4,2,279.365,469.707,27.08.1949
26_4,2,276.78,448.275,27.08.1949
26_4,2,269.269,390.377,27.08.1949
26_4,2,268.995,320.266,27.08.1949
26_4,2,288.229,375.243,27.08.1949
26_4,2,286.298,407.494,27.08.1949
26_4,2,288.502,413.565,27.08.1949
26_4,2,288.149,431.63,27.08.1949
26_4,2,283.995,437.929,27.08.1949
26_4,2,269.05,422.717,27.08.1949
26_5,2,152.579,996.227,27.08.1949
26_5,2,127.157,995.756,27.08.1949
26_5,2,89.561,1096.328,27.08.1949
26_5,2,76.123,1212.473,27.08.1949
26_5,2,86.459,1186.182,27.08.1949
26_5,2,84.06,1251.725,27.08.1949
26_5,2,69.513,1288.389,27.08.1949
26_5,2,76.954,1268.247,27.08.1949
26_5,2,89.792,1227.704,27.08.1949
26_5,2,86.797,1173.795,27.08.1949
26_6,2,248.371,484.107,27.08.1949
26_6,2,252.052,588.46,27.08.1949
26_6,2,220.389,701.695,27.08.1949
26_6,2,207.481,676.483,27.08.1949
26_6,2,203.671,623.439,27.08.1949
26_6,2,190.553,488.677,27.08.1949
26_6,2,175.374,474.737,27.08.1949
26_6,2,162.71,498.101,27.08.1949
26_6,2,171.447,523.226,27.08.1949
26_6,2,165.187,619.298,27.08.1949
26_7,2,227.316,852.838,27.08.1949
26_7,2,249.854,884.637,27.08.1949
26_7,2,265.352,891.091,27.08.1949
26_7,2,285.322,795.302,27.08.1949
26_7,2,314.955,745.925,27.08.1949
26_7,2,295.498,779.572,27.08.1949
26_7,2,278.049,781.74,27.08.1949
26_7,2,250.562,755.783,27.08.1949
26_7,2,234.769,784.64,27.08.1949
26_7,2,212.617,833.749,27.08.1949
26_8,2,159.881,806.748,27.08.1949
26_8,2,144.128,819.727,27.08.1949
26_8,2,149.247,784.117,27.08.1949
26_8,2,141.672,802.43,27.08.1949
26_8,2,145.004,819.166,27.08.1949
26_8,2,158.666,803.09,27.08.1949
26_8,2,165.244,756.912,27.08.1949
26_8,2,163.351,790.366,27.08.1949
26_8,2,133.564,864.409,27.08.1949
26_8,2,122.596,988.826,27.08.1949
26_9,2,72.875,755.904,27.08.1949
26_9,2,63.408,796.77,27.08.1949
26_9,2,64.471,731.439,27.08.1949
26_9,2,87.116,745.613,27.08.1949
26_9,2,85.429,609.391,27.08.1949
26_9,2,92.41,482.549,27.08.1949
26_9,2,89.626,525.474,27.08.1949
26_9,2,111.559,562.316,27.08.1949
26_9,2,103.522,615.755,27.08.1949
26_9,2,117.037,614.694,27.08.1949
27_1,2,155.031,571.553,15.04.1967
27_1,2,156.269,580.435,15.04.1967
27_1,2,158.925,505.116,15.04.1967
27_1,2,170.357,523.391,15.04.1967
27_1,2,134.53,623.991,15.04.1967
27_1,2,132.197,674.98,15.04.1967
27_1,2,142.482,752.936,15.04.1967
27_1,2,149.664,736.303,15.04.1967
27_1,2,136.807,745.177,15.04.1967
27_1,2,124.494,718.455,15.04.1967
27_2,2,122.875,828.299,15.04.1967
27_2,2,145.835,839.163,15.04.1967
27_2,2,175.221,838.949,15.04.1967
27_2,2,180.379,855.12,15.04.1967
27_2,2,179.974,916.867,15.04.1967
27_2,2,171.16,911.672,15.04.1967
27_2,2,165.691,855.293,15.04.1967
27_2,2,171.568,861.655,15.04.1967
27_2,2,167.003,860.584,15.04.1967
27_2,2,129.239,911.142,15.04.1967
27_3,2,193.207,1223.436,15.04.1967
27_3,2,219.32,1171.491,15.04.1967
27_3,2,257.855,935.07,15.04.1967
27_3,2,298.093,926.168,15.04.1967
27_3,2,370.3,970.696,15.04.1967
27_3,2,417.975,989.044,15.04.1967
27_3,2,437.416,755.132,15.04.1967
27_3,2,421.324,737.539,15.04.1967
27_3,2,409.973,771.911,15.04.1967
27_3,2,374.71,923.646,15.04.1967
27_4,2,118.113,500.275,15.04.1967
27_4,2,114.56,523.815,15.04.1967
27_4,2,106.877,517.483,15.04.1967
27_4,2,105.766,549.325,15.04.1967
27_4,2,115.578,566.343,15.04.1967
27_4,2,104.489,676.485,15.04.1967
27_4,2,103.175,781.346,15.04.1967
27_4,2,112.58,791.294,15.04.1967
27_4,2,124.05,691.511,15.04.1967
27_4,2,148.441,633.773,15.04.1967
33_1,2,166.51,726.167,26.04.2019
33_1,2,169.095,751.978,26.04.2019
33_1,2,195.324,771.992,26.04.2019
33_1,2,223.568,701.809,26.04.2019
33_1,2,247.87,711.833,26.04.2019
33_1,2,290.201,786.04,26.04.2019
33_1,2,288.808,909.036,26.04.2019
33_1,2,289.812,1018.253,26.04.2019
33_1,2,280.564,1056.913,26.04.2019
33_1,2,255.941,1049.2,26.04.2019
33_2,2,172.275,738.713,26.04.2019
33_2,2,193.703,727.768,26.04.2019
33_2,2,201.618,813.515,26.04.2019
33_2,2,255.39,762.259,26.04.2019
33_2,2,272.17,758.186,26.04.2019
33_2,2,220.393,888.311,26.04.2019
33_2,2,222.247,943.652,26.04.2019
33_2,2,215.332,952.417,26.04.2019
33_2,2,197.78,953.635,26.04.2019
33_2,2,199.38,986.964,26.04.2019
33_3,2,204.536,646.526,26.04.2019
33_3,2,238.398,538.922,26.04.2019
33_3,2,239.852,582.107,26.04.2019
33_3,2,231.344,622.102,26.04.2019
33_3,2,236.773,675.693,26.04.2019
33_3,2,227.698,763.523,26.04.2019
33_3,2,224.572,810.048,26.04.2019
33_3,2,209.422,894.691,26.04.2019
33_3,2,201.291,831.046,26.04.2019
33_3,2,197.519,781.9,26.04.2019
33_4,2,146.118,1196.392,26.04.2019
33_4,2,149.781,1066.72,26.04.2019
33_4,2,111.784,1263.644,26.04.2019
33_4,2,77.763,1300.095,26.04.2019
33_4,2,77.771,1316.546,26.04.2019
33_4,2,102.064,1210.182,26.04.2019
33_4,2,82.094,1215.258,26.04.2019
33_4,2,63.182,1207.753,26.04.2019
33_4,2,65.092,1120.626,26.04.2019
33_4,2,60.865,1240.382,26.04.2019
33_5,2,158.795,815.886,26.04.2019
33_5,2,149.195,792.837,26.04.2019
33_5,2,142.484,780.173,26.04.2019
33_5,2,138.566,736.16,26.04.2019
33_5,2,147.784,667.326,26.04.2019
33_5,2,158.376,658.97,26.04.2019
33_5,2,164.108,699.936,26.04.2019
33_5,2,171.912,736.617,26.04.2019
33_5,2,158.071,798.265,26.04.2019
33_5,2,122.031,952.009,26.04.2019
33_6,2,167.736,707.12,26.04.2019
33_6,2,181.074,658.662,26.04.2019
33_6,2,208.493,784.467,26.04.2019
33_6,2,205.689,821.713,26.04.2019
33_6,2,198.206,779.472,26.04.2019
33_6,2,190.107,795.96,26.04.2019
33_6,2,187.576,831.65,26.04.2019
33_6,2,199.261,870.948,26.04.2019
33_6,2,211.699,974.246,26.04.2019
33_6,2,197.125,1159.845,26.04.2019
33_7,2,144.764,1135.733,26.04.2019
33_7,2,119.845,1224.017,26.04.2019
33_7,2,125.934,1267.518,26.04.2019
33_7,2,119.055,1260.018,26.04.2019
33_7,2,132.247,1273.454,26.04.2019
33_7,2,136.085,1258.784,26.04.2019
33_7,2,132.367,1204.396,26.04.2019
33_7,2,145.781,1167.459,26.04.2019
33_7,2,156.207,1086.885,26.04.2019
33_7,2,142.278,1032.716,26.04.2019
33_8,2,249.375,782.047,26.04.2019
33_8,2,174.966,928.29,26.04.2019
33_8,2,135.815,1045.488,26.04.2019
33_8,2,116.644,1078.958,26.04.2019
33_8,2,95.53,1149.602,26.04.2019
33_8,2,83.79,1117.996,26.04.2019
33_8,2,73.41,1184.426,26.04.2019
33_8,2,70.611,1248.176,26.04.2019
33_8,2,64.487,1117.156,26.04.2019
33_8,2,63.629,1038.608,26.04.2019
33_9,2,172.056,895.989,26.04.2019
33_9,2,149.192,994.05,26.04.2019
33_9,2,136.733,1030.525,26.04.2019
33_9,2,119.026,1112.344,26.04.2019
33_9,2,125.367,1076.75,26.04.2019
33_9,2,129.767,1050.067,26.04.2019
33_9,2,102.672,1054.671,26.04.2019
33_9,2,116.385,1030.901,26.04.2019
33_9,2,111.068,1062.858,26.04.2019
33_9,2,106.515,1103.783,26.04.2019
31_1,2,148.914,995.921,30.05.1977
31_1,2,131.326,960.594,30.05.1977
31_1,2,116.068,1063.723,30.05.1977
31_1,2,121.6,1023.55,30.05.1977
31_1,2,106.085,982.262,30.05.1977
31_1,2,96.053,892.797,30.05.1977
31_1,2,101.937,899.238,30.05.1977
31_1,2,100.544,967.163,30.05.1977
31_1,2,106.702,944.097,30.05.1977
31_1,2,103.186,914.115,30.05.1977
31_2,2,141.701,387.888,30.05.1977
31_2,2,127.603,401.406,30.05.1977
31_2,2,137.283,439.424,30.05.1977
31_2,2,117.802,388.927,30.05.1977
31_2,2,126.364,403.395,30.05.1977
31_2,2,105.311,433.367,30.05.1977
31_2,2,89.519,461.174,30.05.1977
31_2,2,93.746,479.467,30.05.1977
31_2,2,91.786,492.172,30.05.1977
31_2,2,91.573,492.359,30.05.1977
31_3,2,137.326,723.761,30.05.1977
31_3,2,133.791,708.604,30.05.1977
31_3,2,131.115,700.875,30.05.1977
31_3,2,128.41,709.273,30.05.1977
31_3,2,120.704,734.393,30.05.1977
31_3,2,121.504,712.015,30.05.1977
31_3,2,129.841,773.4,30.05.1977
31_3,2,116.049,792.817,30.05.1977
31_3,2,114.447,836.452,30.05.1977
31_3,2,122.804,842.157,30.05.1977
31_4,2,154.565,486.598,30.05.1977
31_4,2,167.299,520.498,30.05.1977
31_4,2,172.71,455.438,30.05.1977
31_4,2,190.771,480.112,30.05.1977
31_4,2,182.866,684.303,30.05.1977
31_4,2,167.511,808.707,30.05.1977
31_4,2,157.941,867.887,30.05.1977
31_4,2,158.845,979.205,30.05.1977
31_4,2,141.019,1079.727,30.05.1977
31_4,2,150.346,1078.876,30.05.1977
31_5,2,217.958,544.841,30.05.1977
31_5,2,230.4,540.657,30.05.1977
31_5,2,223.274,477.004,30.05.1977
31_5,2,207.481,473.899,30.05.1977
31_5,2,199.72,470.831,30.05.1977
31_5,2,194.537,474.261,30.05.1977
31_5,2,196.837,461.716,30.05.1977
31_5,2,204.312,418.416,30.05.1977
31_5,2,204.546,437.057,30.05.1977
31_5,2,192.744,459.954,30.05.1977
31_6,2,211.584,875.838,30.05.1977
31_6,2,213.101,821.531,30.05.1977
31_6,2,220.29,879.098,30.05.1977
31_6,2,206.557,874.831,30.05.1977
31_6,2,196.813,848.207,30.05.1977
31_6,2,183.228,942.083,30.05.1977
31_6,2,181.794,897.859,30.05.1977
31_6,2,180.552,928.592,30.05.1977
31_6,2,183.526,858.964,30.05.1977
31_6,2,159.487,793.313,30.05.1977
31_7,2,135.018,900.739,30.05.1977
31_7,2,153.697,854.863,30.05.1977
31_7,2,144.156,820.856,30.05.1977
31_7,2,137.874,884.288,30.05.1977
31_7,2,160.618,850.585,30.05.1977
31_7,2,162.663,795.875,30.05.1977
31_7,2,155.896,821.357,30.05.1977
31_7,2,174.283,872.416,30.05.1977
31_7,2,166.886,885.822,30.05.1977
31_7,2,172.394,884.096,30.05.1977
31_8,2,192.321,764.397,30.05.1977
31_8,2,179.08,776.734,30.05.1977
31_8,2,183.227,773.215,30.05.1977
31_8,2,191.035,821.617,30.05.1977
31_8,2,186.08,811.534,30.05.1977
31_8,2,190.945,879.902,30.05.1977
31_8,2,197.22,911.386,30.05.1977
31_8,2,209.083,944.348,30.05.1977
31_8,2,212.683,984.231,30.05.1977
31_8,2,226.983,1036.442,30.05.1977
32_1,2,380.117,614.782,30.05.1978
32_1,2,397.378,711.339,30.05.1978
32_1,2,406.582,740.602,30.05.1978
32_1,2,408.047,749.714,30.05.1978
32_1,2,382.363,698.726,30.05.1978
32_1,2,383.953,665.844,30.05.1978
32_1,2,391.805,612.281,30.05.1978
32_1,2,395.111,597.784,30.05.1978
32_1,2,391.421,554.964,30.05.1978
32_1,2,359.037,572.502,30.05.1978
32_2,2,303.643,417.318,30.05.1978
32_2,2,304.222,577.051,30.05.1978
32_2,2,289.387,718.29,30.05.1978
32_2,2,287.513,788.891,30.05.1978
32_2,2,311.051,857.82,30.05.1978
32_2,2,335.945,879.974,30.05.1978
32_2,2,359.823,917.417,30.05.1978
32_2,2,373.293,902.608,30.05.1978
32_2,2,378.616,873.378,30.05.1978
32_2,2,369.015,872.074,30.05.1978
32_3,2,297.499,784.275,30.05.1978
32_3,2,321.039,778.783,30.05.1978
32_3,2,291.295,709.991,30.05.1978
32_3,2,265.468,592.868,30.05.1978
32_3,2,231.371,554.799,30.05.1978
32_3,2,297.562,545.314,30.05.1978
32_3,2,297.685,543.732,30.05.1978
32_3,2,306.798,531.581,30.05.1978
32_3,2,281.446,634.479,30.05.1978
32_3,2,280.966,719.29,30.05.1978
32_4,2,185.136,1013.551,30.05.1978
32_4,2,164.275,1027.709,30.05.1978
32_4,2,168.842,1025.136,30.05.1978
32_4,2,143.358,1070.053,30.05.1978
32_4,2,135.86,1095.978,30.05.1978
32_4,2,112.676,1091.885,30.05.1978
32_4,2,148.147,1150.994,30.05.1978
32_4,2,133.224,1073.002,30.05.1978
32_4,2,143.65,1160.41,30.05.1978
32_4,2,136.302,1115.787,30.05.1978
