"year","ST_PC1","ST_PC2","AT_PC1","AT_PC2","WS_PC1","WS_PC2","sample","calcite_thickness_mm","aragonite_thickness_mm","storage_condition","shell_height","aperture_width","aperture_height","country","location","PC1","PC2","PC3","PC4","PC5","aperture_ellipses"
1888,-1.86295695703924,-0.738632428983545,-1.63812643763172,-1.03220739698738,-0.429229595794586,-1.76709240152489,"1_1",0.402361733333333,0.0790989,"dry",22.46,9.5,14.79,"Belgium","BLA",0.00015288733589837,0.00121911234703358,-4.91246904098578e-05,0.00077561347729607,1.69573755534353e-05,110.352368948158
1888,-1.86295695703924,-0.738632428983545,-1.63812643763172,-1.03220739698738,-0.429229595794586,-1.76709240152489,"1_2",0.555582,0.0655051,"dry",26.58,9.66,15.83,"Belgium","BLA",0.0028403011405098,-0.00048982628678625,-0.00021239360840162,0.00019153635501541,-0.00010790823442493,120.101359270778
1888,-1.86295695703924,-0.738632428983545,-1.63812643763172,-1.03220739698738,-0.429229595794586,-1.76709240152489,"1_3",0.4950471,0.0557397666666667,"dry",23.54,8.41,14.63,"Belgium","BLA",0.00289536531489803,-5.42722566830932e-05,-0.00058998278196259,0.00065602497293024,0.00024179493762723,96.6340548475443
1888,-1.86295695703924,-0.738632428983545,-1.63812643763172,-1.03220739698738,-0.429229595794586,-1.76709240152489,"1_4",0.394110933333333,0.0457092333333333,"dry",26.47,9.15,15.61,"Belgium","BLA",0.00400406954398466,0.00011660510475918,-0.00033183946640896,0.0001297962961734,0.0006143382826656,112.179597775303
1888,-1.86295695703924,-0.738632428983545,-1.63812643763172,-1.03220739698738,-0.429229595794586,-1.76709240152489,"1_5",0.858218633333333,0.1512544,"dry",25.78,10.9,14.85,"Belgium","BLA",-0.00158712883470926,0.0015673269521697,0.00039105495326678,-0.00082228141171749,-0.00042867339354815,127.128473718328
1888,-1.86295695703924,-0.738632428983545,-1.63812643763172,-1.03220739698738,-0.429229595794586,-1.76709240152489,"1_6",0.437596433333333,0.0529792666666667,"dry",25.56,9.71,15.66,"Belgium","BLA",0.00081821235258166,0.00053700633640857,-0.00027133376013306,0.00077696902382443,0.00017785918647122,119.426545168787
1904,-1.65391404328497,-1.02093187519212,-2.58907704203475,-0.731654114888988,-0.151399740846109,-1.78885935206248,"2_1",0.700511833333333,0.157887466666667,"dry",33.43,12.03,17.11,"Netherland","ZOU",-0.00455807307041264,-0.00262035444949528,-0.00013340215704928,-8.27145277572871e-05,0.00021612090958592,161.661095786036
1904,-1.65391404328497,-1.02093187519212,-2.58907704203475,-0.731654114888988,-0.151399740846109,-1.78885935206248,"2_10",0.722887366666667,0.0672395666666667,"dry",32.16,12.12,20.19,"Netherland","ZOU",-0.00173595699068991,-0.0005630118943607,-0.00046751511387064,0.00011772504916269,-0.00033843115223648,192.189129698213
1904,-1.65391404328497,-1.02093187519212,-2.58907704203475,-0.731654114888988,-0.151399740846109,-1.78885935206248,"2_2",0.884551733333333,0.0833209333333333,"dry",31.31,12.91,18.75,"Netherland","ZOU",-0.00297492701255437,-5.21118322809371e-05,0.00032234814789193,8.31093458781829e-05,-0.00010150103057559,190.115442927395
1904,-1.65391404328497,-1.02093187519212,-2.58907704203475,-0.731654114888988,-0.151399740846109,-1.78885935206248,"2_3",1.11176376666667,0.0464780666666667,"dry",31.54,12.46,18.97,"Netherland","ZOU",-0.00350206966995357,0.00029100499086619,8.25258583883839e-05,0.00091678918574033,0.00017034487928898,185.641579369234
1904,-1.65391404328497,-1.02093187519212,-2.58907704203475,-0.731654114888988,-0.151399740846109,-1.78885935206248,"2_4",0.680186133333333,0.0705811666666667,"dry",30.8,12.16,18.37,"Netherland","ZOU",0.00167977590561728,-8.74079870428728e-05,-0.00044899639970491,0.0001433734651853,0.00015409744094821,175.441613421191
1904,-1.65391404328497,-1.02093187519212,-2.58907704203475,-0.731654114888988,-0.151399740846109,-1.78885935206248,"2_5",0.523034766666667,0.203796266666667,"dry",31.09,12.61,17.89,"Netherland","ZOU",0.00161930672139709,-0.00044210741224446,9.17007989186317e-05,-6.11916499297609e-05,-0.00032064513534136,177.180249335504
1904,-1.65391404328497,-1.02093187519212,-2.58907704203475,-0.731654114888988,-0.151399740846109,-1.78885935206248,"2_6",1.19875033333333,0.0675987333333333,"dry",30.03,11.98,16.96,"Netherland","ZOU",0.00127883010009095,0.00046754119544246,0.00043627160948155,-0.00021091557678647,-0.00019133861713758,159.577827157624
1904,-1.65391404328497,-1.02093187519212,-2.58907704203475,-0.731654114888988,-0.151399740846109,-1.78885935206248,"2_7",0.641543133333333,0.192629166666667,"dry",27.97,11.3,16.14,"Netherland","ZOU",-0.00136506394038065,0.00060912048482816,1.51117318235577e-06,0.00058119491042177,-0.00038137162732417,143.242487836753
1904,-1.65391404328497,-1.02093187519212,-2.58907704203475,-0.731654114888988,-0.151399740846109,-1.78885935206248,"2_8",0.746740166666667,0.0553199,"dry",32.18,12.5,20.88,"Netherland","ZOU",0.00158431082150893,-5.19235846949016e-05,0.00051569323211501,0.00027008644440559,8.55469637100783e-05,204.988920646734
1904,-1.65391404328497,-1.02093187519212,-2.58907704203475,-0.731654114888988,-0.151399740846109,-1.78885935206248,"2_9",0.526038133333333,0.0898806666666667,"dry",29.59,11.7,18.01,"Netherland","ZOU",-0.00430463624107876,-0.00057120216449452,-0.00090900879754085,-0.0002168460037234,-8.1347786311438e-06,165.49674479662
1911,-1.62185290740737,0.0478009141564143,-0.503769308078392,-0.20041003666628,-0.0448455285388268,0.76075359010984,"3_1",1.0078839,0.1069878,"ethanol",32.74,12.33,17.51,"Netherland","ZWA",0.00112599664499337,-0.0003214444094038,-0.00051928075689249,0.00026401320312788,-0.00035344941056041,169.566128300631
1911,-1.62185290740737,0.0478009141564143,-0.503769308078392,-0.20041003666628,-0.0448455285388268,0.76075359010984,"3_10",1.03329826666667,0.1357056,"ethanol",30.49,12.41,16.18,"Netherland","ZWA",0.00127947468254156,0.00040561857661225,0.00028662056513965,0.00013538991391282,-7.42506860656448e-05,157.703081741595
1911,-1.62185290740737,0.0478009141564143,-0.503769308078392,-0.20041003666628,-0.0448455285388268,0.76075359010984,"3_2",1.73542573333333,0.0885379,"ethanol",29.31,12.02,17.85,"Netherland","ZWA",-0.00295859076966096,0.0007281478901386,0.00062625562231539,-0.00031054271128049,5.76868256430082e-05,168.512673744066
1911,-1.62185290740737,0.0478009141564143,-0.503769308078392,-0.20041003666628,-0.0448455285388268,0.76075359010984,"3_3",0.737808566666667,0.1240639,"ethanol",29.31,11.97,15.26,"Netherland","ZWA",-0.00142185139133022,-9.48338158371177e-05,0.00035452028879899,-0.00033521335258144,-0.00019048618958893,143.462556402137
1911,-1.62185290740737,0.0478009141564143,-0.503769308078392,-0.20041003666628,-0.0448455285388268,0.76075359010984,"3_4",1.0843967,0.190366766666667,"ethanol",29.44,11.67,18.02,"Netherland","ZWA",-0.00191007061025948,0.0010185505569178,0.00015616246560357,0.0001628750776011,0.00041659204104582,165.164050134605
1911,-1.62185290740737,0.0478009141564143,-0.503769308078392,-0.20041003666628,-0.0448455285388268,0.76075359010984,"3_5",1.13691813333333,0.218527933333333,"ethanol",29.13,12.01,17.16,"Netherland","ZWA",0.00092120218728386,0.00097335052571115,6.34234557148945e-05,-0.00015908488085768,0.0001691519458317,161.863964131642
1911,-1.62185290740737,0.0478009141564143,-0.503769308078392,-0.20041003666628,-0.0448455285388268,0.76075359010984,"3_6",1.88177466666667,0.0319764,"ethanol",33.18,12.87,17.78,"Netherland","ZWA",0.00108424662348905,0.00051008319876373,-0.00049304111765423,0.00012206199747806,0.00037538272915377,179.721562172809
1911,-1.62185290740737,0.0478009141564143,-0.503769308078392,-0.20041003666628,-0.0448455285388268,0.76075359010984,"3_7",0.647376933333333,0.136199766666667,"ethanol",31.36,12.68,18.21,"Netherland","ZWA",0.0009303152515983,0.00121861454502646,-0.0005675197712537,-0.00026823809357704,-0.00012048620462957,181.350635043328
1911,-1.62185290740737,0.0478009141564143,-0.503769308078392,-0.20041003666628,-0.0448455285388268,0.76075359010984,"3_8",1.26785916666667,0.0824545,"ethanol",31.22,11.65,16.93,"Netherland","ZWA",-0.00058321411712507,-0.00024468910238505,-0.00060924869361743,-0.00044092104863641,-3.79121226299342e-05,154.907614058614
1911,-1.62185290740737,0.0478009141564143,-0.503769308078392,-0.20041003666628,-0.0448455285388268,0.76075359010984,"3_9",1.17874806666667,0.1623984,"ethanol",32.84,12.72,17.06,"Netherland","ZWA",0.00065729592067794,0.00049326408592299,-9.33000632437316e-05,-5.19289043048087e-05,0.00022374461325725,170.433914731369
1911,-1.62185290740737,0.0478009141564143,-0.503769308078392,-0.20041003666628,-0.0448455285388268,0.76075359010984,"4_1",0.457136166666667,0.156062333333333,"ethanol",27.78,11.13,16.92,"Belgium","ZEE",0.00183884539503141,0.00128620163123972,-0.00079873077684969,0.00012028447593652,0.00021066274841639,147.905867971742
1911,-1.62185290740737,0.0478009141564143,-0.503769308078392,-0.20041003666628,-0.0448455285388268,0.76075359010984,"4_2",0.537406166666667,0.148700766666667,"ethanol",32.46,13,16.29,"Belgium","ZEE",0.00203102714846782,-0.00051463922673002,-7.71799021551904e-05,-0.00012125337989549,-0.00023644480609494,166.323769062678
1928,-1.24268403333181,0.908359837774276,-0.113092053668667,-0.778500972892887,-2.82605321231864,0.789667242414649,"7_1",0.556645266666667,0.1874344,"dry",25.59,9.19,15.4,"Belgium","KNO",0.00076558187304581,0.00024917796525285,-0.00028178409740528,-0.00020012565375491,-0.00028066995406412,111.154260472987
1928,-1.24268403333181,0.908359837774276,-0.113092053668667,-0.778500972892887,-2.82605321231864,0.789667242414649,"7_2",1.0310233,0.0514310666666667,"dry",25.56,9.99,15.02,"Belgium","KNO",0.00055727201485077,-0.00074589680174437,0.00062857102120692,0.00049640673018807,0.00028922750077349,117.848837338154
1928,-1.24268403333181,0.908359837774276,-0.113092053668667,-0.778500972892887,-2.82605321231864,0.789667242414649,"7_3",0.600126933333333,0.1522811,"dry",29.67,12.99,18.05,"Belgium","KNO",0.00335986101996198,0.00071031062883346,0.0005362781323527,-0.00059514056312476,0.00071129911264475,184.151914672718
1928,-1.24268403333181,0.908359837774276,-0.113092053668667,-0.778500972892887,-2.82605321231864,0.789667242414649,"7_4",0.456090666666667,0.249620766666667,"dry",26.73,11.42,14.52,"Belgium","KNO",-0.00038781825384265,-0.00038170806314318,-0.00069282652851527,-0.00034586052013927,-0.00013797485853281,130.233466817503
1928,-1.24268403333181,0.908359837774276,-0.113092053668667,-0.778500972892887,-2.82605321231864,0.789667242414649,"7_5",0.575400433333333,0.140152466666667,"dry",28.42,11.56,16.38,"Belgium","KNO",0.00158737167343831,0.0001488093530206,0.00041746519334565,-0.00021411915225861,-0.00035596966114743,148.717341354164
1929,-2.31591512819413,1.28270186526964,-1.12918905577428,-1.25562856563157,-3.25103802754173,0.321072286440461,"8_1",1.010515,0.102118933333333,"ethanol",27.8,10.89,14.36,"Belgium","ZEE",0.00419346712507532,0.00012036280557361,0.0002562781457282,-0.00068122752937069,0.00046017016113304,122.820878951358
1929,-2.31591512819413,1.28270186526964,-1.12918905577428,-1.25562856563157,-3.25103802754173,0.321072286440461,"8_2",0.544782066666667,0.0875248,"ethanol",32.43,12.03,17.63,"Belgium","ZEE",-0.00027852824513999,-0.00034708037319181,4.29532765373804e-06,-0.00040399339415003,-0.00036027691411756,166.574232536985
1929,-2.31591512819413,1.28270186526964,-1.12918905577428,-1.25562856563157,-3.25103802754173,0.321072286440461,"8_3",1.00820056666667,0.0552862333333333,"ethanol",31.18,10.67,16.8,"Belgium","ZEE",0.00256705022127527,-0.00079491365334212,-0.00018173981573203,0.00015722250499667,0.000175965183795,140.787333177973
1929,-2.31591512819413,1.28270186526964,-1.12918905577428,-1.25562856563157,-3.25103802754173,0.321072286440461,"8_4",0.917150833333333,0.387951066666667,"ethanol",30.73,12.07,17.63,"Belgium","ZEE",0.00194055549707488,0.00061757859553594,0.00109194545758845,-0.00023353073133998,0.00024726700917575,167.128095321813
1929,-2.31591512819413,1.28270186526964,-1.12918905577428,-1.25562856563157,-3.25103802754173,0.321072286440461,"8_5",0.739285793333333,0.0919914733333333,"ethanol",27.93,12.24,16.94,"Belgium","ZEE",-0.00042554851544859,-0.00046184909481648,0.00014764572717241,-0.00027460271071759,-0.0004320149081126,162.848853428542
1929,-2.31591512819413,1.28270186526964,-1.12918905577428,-1.25562856563157,-3.25103802754173,0.321072286440461,"9_1",0.516815533333333,0.114652833333333,"ethanol",26.33,9.6,14.67,"Belgium","ZEE",0.0032506282539515,-0.00122504484871027,-0.00017530692900499,2.67195061313663e-05,0.00026510922502024,110.609194147589
1929,-2.31591512819413,1.28270186526964,-1.12918905577428,-1.25562856563157,-3.25103802754173,0.321072286440461,"9_2",0.700353233333333,0.0767041,"ethanol",26.5,10.48,14.52,"Belgium","ZEE",-0.00025886210175134,0.00013782533567407,-4.31302876969499e-05,0.00039276765758891,-0.00011472172418245,119.513724364924
1932,-2.31690669126505,1.68986739800807,-0.876414375153672,-1.77184109016315,-3.53410215215431,0.312563498632206,"10_1",1.05737813333333,0.1439032,"ethanol",29.33,11.86,15.43,"Belgium","KNO",0.00191680759005585,-0.00036804122588396,0.00048053863339,-0.00043960324995986,0.00026487372503869,143.7277068221
1932,-2.31690669126505,1.68986739800807,-0.876414375153672,-1.77184109016315,-3.53410215215431,0.312563498632206,"10_2",0.7514908,0.1007208,"ethanol",29.36,11.5,16.56,"Belgium","KNO",0.0005627903531129,-0.00090447012813622,0.00049383586831879,6.72481672629344e-05,-0.00010831478721272,149.57122623741
1932,-2.31690669126505,1.68986739800807,-0.876414375153672,-1.77184109016315,-3.53410215215431,0.312563498632206,"10_3",0.860598766666667,0.0728522666666667,"ethanol",26.71,11.01,15.1,"Belgium","KNO",0.00191895738738261,-0.00015226302935499,0.00016129549622022,-0.00017433885979864,-4.74047532769967e-07,130.573230062989
1932,-2.31690669126505,1.68986739800807,-0.876414375153672,-1.77184109016315,-3.53410215215431,0.312563498632206,"10_4",0.523742566666667,0.129756333333333,"ethanol",22.32,7.78,13.5,"Belgium","KNO",-0.00641154645248784,-0.0008172590176967,-0.00085158597939225,0.00041054280859989,0.00110092460465738,82.490369101634
1932,-2.31690669126505,1.68986739800807,-0.876414375153672,-1.77184109016315,-3.53410215215431,0.312563498632206,"10_5",1.14315303333333,0.0562330333333333,"ethanol",31.84,12.43,18.93,"Belgium","KNO",-0.00415180031917817,-0.00028627882943553,0.00010748569430274,-0.00111796502104199,0.00036373992733587,184.804109307603
1932,-2.31690669126505,1.68986739800807,-0.876414375153672,-1.77184109016315,-3.53410215215431,0.312563498632206,"10_6",0.672489033333333,0.149023466666667,"ethanol",27.9,11.03,16.53,"Belgium","KNO",-0.00107364230178197,0.00011363545869121,0.00019690755887732,0.00074850027526881,-0.00010446781098895,143.198426999787
1932,-2.31690669126505,1.68986739800807,-0.876414375153672,-1.77184109016315,-3.53410215215431,0.312563498632206,"10_7",0.747826733333333,0.0975765666666667,"ethanol",27.77,10.93,14.72,"Belgium","KNO",-0.00055881511080537,-0.00059574268056257,-5.1598819373864e-05,0.00062125721998019,-0.00013163538144346,126.36239634975
1936,-1.67544551228066,1.43645349176558,0.181394868013665,-1.85157373987791,-2.8606122776442,0.80319347522285,"12_1",0.4416957,0.133776366666667,"ethanol",27.34,11.2,16.63,"Belgium","DUI",0.00025689837354801,0.00091230809077784,-0.00086408742390215,0.00039810220352344,-0.00046793863408003,146.285120321755
1936,-1.67544551228066,1.43645349176558,0.181394868013665,-1.85157373987791,-2.8606122776442,0.80319347522285,"12_10",1.15525126666667,0.0353267666666667,"ethanol",25.11,10.27,15.85,"Belgium","DUI",0.00043478382751246,0.00111514938702862,-0.00076544472112585,-0.00035866159862955,-0.00034329593016188,127.846720338755
1936,-1.67544551228066,1.43645349176558,0.181394868013665,-1.85157373987791,-2.8606122776442,0.80319347522285,"12_2",0.741244933333333,0.0527482666666667,"ethanol",24.84,10.57,14.9,"Belgium","DUI",-0.00213755030929151,2.19807391047117e-05,0.00059356610537929,-1.63080087190649e-05,7.98919295063027e-05,123.694712947954
1936,-1.67544551228066,1.43645349176558,0.181394868013665,-1.85157373987791,-2.8606122776442,0.80319347522285,"12_3",0.7958832,0.1468418,"ethanol",25.93,10.38,15.1,"Belgium","DUI",0.00142838240131772,0.0004238639375291,8.80219098818599e-05,-0.00014925994195148,-0.00017427727594599,123.101737334589
1936,-1.67544551228066,1.43645349176558,0.181394868013665,-1.85157373987791,-2.8606122776442,0.80319347522285,"12_4",0.518245166666667,0.2082663,"ethanol",27.18,10.55,14.94,"Belgium","DUI",0.00185963906866331,-0.00046935938367137,0.00023802969993987,2.73815087888121e-05,-2.10066410091519e-05,123.792102320216
1936,-1.67544551228066,1.43645349176558,0.181394868013665,-1.85157373987791,-2.8606122776442,0.80319347522285,"12_5",0.747241033333333,0.174658833333333,"ethanol",26.45,11.51,15.82,"Belgium","DUI",0.00181602272375781,0.00075764665115827,-0.00024969673181111,-0.00019645450409924,0.0002911653553826,143.011737856347
1936,-1.67544551228066,1.43645349176558,0.181394868013665,-1.85157373987791,-2.8606122776442,0.80319347522285,"12_6",0.561040466666667,0.146823,"ethanol",27.53,11.04,16.31,"Belgium","DUI",0.00029713921000785,0.0002364023045095,-0.00027367744361941,0.00012956306943776,-0.00020053789633994,141.420678256937
1936,-1.67544551228066,1.43645349176558,0.181394868013665,-1.85157373987791,-2.8606122776442,0.80319347522285,"12_7",0.603202866666667,0.125422266666667,"ethanol",25.78,10.8,15.16,"Belgium","DUI",-0.00153168176184788,0.0004127761794955,-0.00019923636695751,0.00020965121800505,-0.00017499677872263,128.591670496737
1936,-1.67544551228066,1.43645349176558,0.181394868013665,-1.85157373987791,-2.8606122776442,0.80319347522285,"12_8",0.731428633333333,0.0641600666666667,"ethanol",26.81,11.07,15.69,"Belgium","DUI",-0.00057488584771207,-0.00019149299442182,0.00033635182877254,0.00032569300012388,-0.00010358731237793,136.414471823625
1936,-1.67544551228066,1.43645349176558,0.181394868013665,-1.85157373987791,-2.8606122776442,0.80319347522285,"12_9",0.6114006,0.099198,"ethanol",27.45,10.95,15.63,"Belgium","DUI",0.00128303072286374,-0.00057145716543356,-0.00017773518198764,0.00015496977645179,-0.00017909171452928,134.419717568228
1937,-1.25083252125872,1.1144605658199,0.652776733319578,-1.24549389193689,-2.65091158474178,0.68216780786858,"14_1",NA,NA,"ethanol",26.33,11.39,15.85,"Belgium","BLA",-0.00121127759960478,-9.72532851048579e-05,-5.3060804019699e-05,0.00028106161984783,-0.00038994545226237,141.789108535386
1937,-1.25083252125872,1.1144605658199,0.652776733319578,-1.24549389193689,-2.65091158474178,0.68216780786858,"14_10",NA,NA,"ethanol",28.87,12.47,16.87,"Belgium","BLA",-0.0023346940894407,0.00035474125066743,0.00056075748985183,0.00022648958726525,-0.00020153595660162,165.223347695941
1937,-1.25083252125872,1.1144605658199,0.652776733319578,-1.24549389193689,-2.65091158474178,0.68216780786858,"14_2",NA,NA,"ethanol",27.01,10.95,16.12,"Belgium","BLA",0.00036573831201496,-0.00054755638419482,7.39940959814875e-05,-0.00016465158273903,-8.92207102244562e-05,138.633771413937
1937,-1.25083252125872,1.1144605658199,0.652776733319578,-1.24549389193689,-2.65091158474178,0.68216780786858,"14_3",NA,NA,"ethanol",27.16,10.15,16.6,"Belgium","BLA",-0.00085823687236095,-0.00082371545998724,-0.00032268041113833,0.00059795629228228,-0.00044388596582774,132.331736550836
1937,-1.25083252125872,1.1144605658199,0.652776733319578,-1.24549389193689,-2.65091158474178,0.68216780786858,"14_4",NA,NA,"ethanol",26.87,11.69,14.93,"Belgium","BLA",-3.85049529825003e-05,-0.0009685269802796,0.00057849418238028,-0.00039816185787842,-0.00048764402235608,137.076876634634
1937,-1.25083252125872,1.1144605658199,0.652776733319578,-1.24549389193689,-2.65091158474178,0.68216780786858,"14_5",NA,NA,"ethanol",27.71,11.08,15.22,"Belgium","BLA",0.00070132642294783,-0.00064558410229445,-9.35798865000714e-05,0.00038203663431301,-0.00039008500516314,132.447661319754
1937,-1.25083252125872,1.1144605658199,0.652776733319578,-1.24549389193689,-2.65091158474178,0.68216780786858,"14_6",NA,NA,"ethanol",28.54,11.14,16.09,"Belgium","BLA",-0.00476326244618824,-0.00111433236384428,-0.00015373007676217,-0.00011808502429462,0.00010173065828538,140.776808842583
1937,-1.25083252125872,1.1144605658199,0.652776733319578,-1.24549389193689,-2.65091158474178,0.68216780786858,"14_7",NA,NA,"ethanol",26.8,11,15.03,"Belgium","BLA",0.00082773342456657,-0.00019182680550956,0.00021084904937081,0.00027303054771339,-0.00043706641780902,129.8498783545
1937,-1.25083252125872,1.1144605658199,0.652776733319578,-1.24549389193689,-2.65091158474178,0.68216780786858,"14_8",NA,NA,"ethanol",25.9,9.82,15.09,"Belgium","BLA",0.00014647104226647,0.00023241658616099,-0.00033298555006027,0.000482482920247,-0.00011427376348622,116.383284365255
1937,-1.25083252125872,1.1144605658199,0.652776733319578,-1.24549389193689,-2.65091158474178,0.68216780786858,"14_9",NA,NA,"ethanol",25.87,9.62,15.59,"Belgium","BLA",-0.00152155183773844,0.00062425116399185,0.00028889288629685,8.95208056187337e-05,-0.00026605542414525,117.790717874063
1938,-0.923514341905869,0.802888049568213,0.828698101148929,-0.815621995730543,-2.10990379057858,0.574874402218824,"16_1",0.575162333333333,0.204031366666667,"ethanol",26.78,12.15,15.47,"Belgium","ZEE",-0.00302185793748804,0.00074564222974105,-0.00070598224903791,-0.0002774596474231,-0.00079902676885349,147.623831491266
1938,-0.923514341905869,0.802888049568213,0.828698101148929,-0.815621995730543,-2.10990379057858,0.574874402218824,"16_10",0.78258347826087,0.246744173913043,"ethanol",28.55,12.09,16.62,"Belgium","ZEE",-6.08499335828688e-06,0.00021104283709359,4.36373082080863e-05,-0.00030609248870005,-0.00018396091700077,157.814608280797
1938,-0.923514341905869,0.802888049568213,0.828698101148929,-0.815621995730543,-2.10990379057858,0.574874402218824,"16_2",0.4425998,0.1965547,"ethanol",26.12,10.35,15.17,"Belgium","ZEE",-0.00102310337573343,0.00049151825123215,0.00080531633145476,0.00023447139345289,0.00031799080825695,123.314972935952
1938,-0.923514341905869,0.802888049568213,0.828698101148929,-0.815621995730543,-2.10990379057858,0.574874402218824,"16_3",0.678274,0.260591814814815,"ethanol",28.71,11.91,17.2,"Belgium","ZEE",-0.00174360927070773,-6.49185444375453e-05,0.00019075246392362,-0.00019402699066819,-0.0002712760734338,160.890384568294
1938,-0.923514341905869,0.802888049568213,0.828698101148929,-0.815621995730543,-2.10990379057858,0.574874402218824,"16_4",0.761121916666667,0.214051,"ethanol",28.96,12.44,16.51,"Belgium","ZEE",-0.00029753241522081,0.00065662481564433,0.00077079830337122,-0.00039853590308721,8.1056440499899e-05,161.308530550487
1938,-0.923514341905869,0.802888049568213,0.828698101148929,-0.815621995730543,-2.10990379057858,0.574874402218824,"16_5",0.648549866666667,0.144706133333333,"ethanol",27.41,12.52,16.64,"Belgium","ZEE",-0.00230613141615313,0.00197449957092907,1.94199602272805e-05,0.00027838219330603,-0.00023485859794283,163.624198495448
1938,-0.923514341905869,0.802888049568213,0.828698101148929,-0.815621995730543,-2.10990379057858,0.574874402218824,"16_6",0.604624233333333,0.168383933333333,"ethanol",28.42,10.93,16.47,"Belgium","ZEE",-0.00049500718367274,-0.00110997677478406,0.00032819262779446,-0.00013359628746124,-9.70188484524804e-05,141.385099720135
1938,-0.923514341905869,0.802888049568213,0.828698101148929,-0.815621995730543,-2.10990379057858,0.574874402218824,"16_7",1.01038839130435,0.125060130434783,"ethanol",27.61,12.45,17.46,"Belgium","ZEE",0.00137204983812171,0.00148416623584053,0.00045087884178874,0.00011879619728973,0.00028045630211685,170.727496564847
1938,-0.923514341905869,0.802888049568213,0.828698101148929,-0.815621995730543,-2.10990379057858,0.574874402218824,"16_8",0.5453051,0.1941351,"ethanol",28.62,11.57,16.13,"Belgium","ZEE",-0.00034273491665629,0.00093836089210192,0.00030370144264664,-1.17295778606226e-05,-0.00012266744415965,146.574225385702
1938,-0.923514341905869,0.802888049568213,0.828698101148929,-0.815621995730543,-2.10990379057858,0.574874402218824,"16_9",0.647059566666667,0.172319266666667,"ethanol",29.24,10.86,16.99,"Belgium","ZEE",0.00254708919213243,4.84667026471855e-05,-0.0006765076052026,0.00024056228025177,0.00028019203543369,144.914914685892
1945,-2.86132176778266,-5.21290983825159,-6.18824067033308,1.11850635610629,1.35629742056073,-2.21980603550624,"18_1",NA,NA,"ethanol",26.97,10.5,10.9,"Belgium","KNO",0.00288026958426812,0.00048113127044953,-0.00039615082924033,-0.0006036276767836,0.00038723504428842,89.888819800838
1945,-2.86132176778266,-5.21290983825159,-6.18824067033308,1.11850635610629,1.35629742056073,-2.21980603550624,"18_10",NA,NA,"ethanol",27.65,10.67,17.02,"Belgium","KNO",0.00313000971322555,-1.26253722883974e-05,0.00011527013980865,3.98370594837544e-05,0.00027826739890386,142.630976826732
1945,-2.86132176778266,-5.21290983825159,-6.18824067033308,1.11850635610629,1.35629742056073,-2.21980603550624,"18_2",0.794356333333333,0.127794233333333,"ethanol",27.1,10.75,15.2,"Belgium","KNO",0.00221308704671022,0.00017072331700188,-0.00022267789926973,-0.00012835156380932,-8.71251371725235e-05,128.334059899143
1945,-2.86132176778266,-5.21290983825159,-6.18824067033308,1.11850635610629,1.35629742056073,-2.21980603550624,"18_3",0.573220833333333,0.0864377333333333,"ethanol",26.26,10.45,15.02,"Belgium","KNO",0.00300114126693045,-0.00029188196922446,0.00011097475446677,-1.98840307236807e-05,0.00058414577250669,123.2753103287
1945,-2.86132176778266,-5.21290983825159,-6.18824067033308,1.11850635610629,1.35629742056073,-2.21980603550624,"18_4",0.511922733333333,0.177558033333333,"ethanol",27.5,10.32,15.64,"Belgium","KNO",0.00068838044088607,0.00024895509712089,0.00021309035363261,2.26620316887401e-06,-0.00052331809700651,126.767033483532
1945,-2.86132176778266,-5.21290983825159,-6.18824067033308,1.11850635610629,1.35629742056073,-2.21980603550624,"18_5",0.565878566666667,0.173089466666667,"ethanol",26.51,10.2,16.06,"Belgium","KNO",0.00175898456399963,6.89752491583363e-05,-0.00016772561009644,0.00029856904085142,-0.00011492197368731,128.657643942463
1945,-2.86132176778266,-5.21290983825159,-6.18824067033308,1.11850635610629,1.35629742056073,-2.21980603550624,"18_6",0.425374266666667,0.1978216,"ethanol",27.26,10.89,16.2,"Belgium","KNO",0.00272043755564605,-0.00054599585156509,-8.34745367191154e-05,3.56448269010838e-05,-2.82815259167892e-05,138.558373190251
1945,-2.86132176778266,-5.21290983825159,-6.18824067033308,1.11850635610629,1.35629742056073,-2.21980603550624,"18_7",0.774481571428571,0.131663071428571,"ethanol",25.63,10.86,14.32,"Belgium","KNO",-0.00065919002977367,0.00061181996887406,-0.00011858005714574,0.00018763871944307,1.91580444882141e-05,122.141352460387
1945,-2.86132176778266,-5.21290983825159,-6.18824067033308,1.11850635610629,1.35629742056073,-2.21980603550624,"18_8",0.6564674,0.1309221,"ethanol",28.94,11.38,16.66,"Belgium","KNO",0.00139202042113509,-0.00132093619711508,0.00102646945658451,-0.00040672839174905,-0.00012673799751443,148.904266117053
1945,-2.86132176778266,-5.21290983825159,-6.18824067033308,1.11850635610629,1.35629742056073,-2.21980603550624,"18_9",0.824690928571429,0.0698596785714286,"ethanol",27.89,11.56,16.65,"Belgium","KNO",-0.00069534669394138,-0.00047235342996313,0.000168624350272,-8.01932882734857e-05,0.00030433849890638,151.16872610176
1946,4.46263547485636,-1.80783901381325,3.65623522489819,0.569329714854896,0.266500466682437,-0.0244489079720034,"19_1",0.485024533333333,0.117204366666667,"ethanol",29.44,13.04,17.93,"Belgium","OST",0.00156119589619702,0.00016871711209388,-0.00041083352645053,-2.54132778221107e-05,-0.00028981605006005,183.6317454691
1946,4.46263547485636,-1.80783901381325,3.65623522489819,0.569329714854896,0.266500466682437,-0.0244489079720034,"19_2",0.414577133333333,0.158019,"ethanol",26.04,9.41,14.38,"Belgium","OST",0.00360249422221826,-0.00177814214839571,-0.00011049487453371,0.00016584960310841,2.80923889423524e-05,106.276780798656
1946,4.46263547485636,-1.80783901381325,3.65623522489819,0.569329714854896,0.266500466682437,-0.0244489079720034,"20_1",0.3852052,0.0675405,"ethanol",25.25,11.15,15.18,"Belgium","OST",0.00166869133505345,-0.0003329176022365,0.00033182496687138,7.31155787806214e-05,-0.00022219700874702,132.934136942162
1946,4.46263547485636,-1.80783901381325,3.65623522489819,0.569329714854896,0.266500466682437,-0.0244489079720034,"20_2",NA,NA,"ethanol",22.35,9.29,13.22,"Belgium","OST",0.00146358323030023,-0.00074036428077998,-2.5319735983931e-05,-0.0003757490577882,0.00011965827465015,96.4577329598615
1946,4.46263547485636,-1.80783901381325,3.65623522489819,0.569329714854896,0.266500466682437,-0.0244489079720034,"20_3",0.6986088,0.0385914666666667,"ethanol",23.69,10.09,14.44,"Belgium","OST",0.0015832537173944,-0.00072905922114159,0.00063432436483748,0.00065853179293547,5.42899748985812e-05,114.432198247743
1946,4.46263547485636,-1.80783901381325,3.65623522489819,0.569329714854896,0.266500466682437,-0.0244489079720034,"20_4",0.654452366666667,0.0876355666666667,"ethanol",29.99,11.89,17.25,"Belgium","OST",0.00462533139377044,-0.0012060841354489,0.00054713176470879,-0.00014949582107901,0.00044288461287668,161.087126808225
1946,4.46263547485636,-1.80783901381325,3.65623522489819,0.569329714854896,0.266500466682437,-0.0244489079720034,"20_5",0.750713666666667,0.0713344,"ethanol",26.25,11.24,14.49,"Belgium","OST",0.00236395277120496,-0.00069957666084469,-0.0002719051010847,0.00090904835069258,-0.00010556022242038,127.91591391695
1946,4.46263547485636,-1.80783901381325,3.65623522489819,0.569329714854896,0.266500466682437,-0.0244489079720034,"20_6",0.581757633333333,0.0780720333333333,"ethanol",22.58,9.36,13.74,"Belgium","OST",0.00372701056384083,-0.00094315396673825,-0.00042209000349138,0.00015854576588403,0.00015138855557117,101.007230361158
1946,4.46263547485636,-1.80783901381325,3.65623522489819,0.569329714854896,0.266500466682437,-0.0244489079720034,"20_7",0.635096833333333,0.0636502,"ethanol",26.06,10.79,15.39,"Belgium","OST",-0.00320649392477591,0.00188720403164322,-0.00010232820254978,0.00015569416073824,-7.47342364731738e-05,130.42172675727
1946,4.46263547485636,-1.80783901381325,3.65623522489819,0.569329714854896,0.266500466682437,-0.0244489079720034,"20_8",0.4264941,0.0491048,"ethanol",25.99,10.64,15.45,"Belgium","OST",-0.00041255239687406,0.00080591981553764,-0.00067621431943718,0.00016512439589564,-0.00053436402719814,129.11003328458
1946,4.46263547485636,-1.80783901381325,3.65623522489819,0.569329714854896,0.266500466682437,-0.0244489079720034,"20_9",0.5511935,0.0946082333333333,"ethanol",27.34,10.79,16.24,"Belgium","OST",4.96568549391615e-05,0.00012618440565913,7.36840097958688e-05,-0.00027088724436972,2.68250812321602e-05,137.625006012869
1946,4.46263547485636,-1.80783901381325,3.65623522489819,0.569329714854896,0.266500466682437,-0.0244489079720034,"22_1",0.928527823529412,0.120595882352941,"ethanol",25.16,10.86,13.81,"Belgium","ZEE",0.00182198906016478,-0.0014006241365972,0.00083274129304746,-3.03125696695318e-05,-6.61093779210551e-05,117.791346192594
1946,4.46263547485636,-1.80783901381325,3.65623522489819,0.569329714854896,0.266500466682437,-0.0244489079720034,"22_2",0.948789047619048,0.181703761904762,"ethanol",27.83,11.96,15.38,"Belgium","ZEE",0.00187200423361005,-0.0007900691092287,0.00012921544021389,0.00063458324130741,5.8198077467086e-05,144.469908086511
1946,4.46263547485636,-1.80783901381325,3.65623522489819,0.569329714854896,0.266500466682437,-0.0244489079720034,"22_3",0.76774325,0.146819892857143,"ethanol",28.37,11.58,15.26,"Belgium","ZEE",0.00401279583188414,0.00056651662464727,0.0001918521792619,-0.00012039953728226,0.00070833205531265,138.788337772494
1947,3.886946404706,-0.0419728156142787,3.30511382329045,-0.0732228966838816,2.33096379883331,-2.22386755977011,"24_1",0.673735,0.137831833333333,"ethanol",27.25,11.18,16.31,"Belgium","ZEE",0.00292636089809995,-0.00030335651348719,8.72579064314429e-05,-0.00015355277246965,0.00026060421005358,143.214056423238
1947,3.886946404706,-0.0419728156142787,3.30511382329045,-0.0732228966838816,2.33096379883331,-2.22386755977011,"24_10",0.531128766666667,0.1310631,"ethanol",29.4,11.35,16.01,"Belgium","ZEE",0.00269384633936217,-0.00106234523910371,0.00025500782000333,0.00022704814559481,-0.00028724472528989,142.717449164522
1947,3.886946404706,-0.0419728156142787,3.30511382329045,-0.0732228966838816,2.33096379883331,-2.22386755977011,"24_2",0.6163949,0.199153733333333,"ethanol",30.55,12.36,15.99,"Belgium","ZEE",0.0016292122515382,-0.0003436047748633,-0.00048306954858628,-4.56101638340238e-05,-3.07318822906265e-05,155.223265580483
1947,3.886946404706,-0.0419728156142787,3.30511382329045,-0.0732228966838816,2.33096379883331,-2.22386755977011,"24_3",0.577539533333333,0.1549867,"ethanol",28.7,12.71,15.95,"Belgium","ZEE",-0.00475363655254258,-0.00127857857077708,-0.00034864073160942,-0.00029830919263319,0.00026179727754861,159.219449975666
1947,3.886946404706,-0.0419728156142787,3.30511382329045,-0.0732228966838816,2.33096379883331,-2.22386755977011,"24_4",0.688412633333333,0.106695466666667,"ethanol",25.73,9.91,16.8,"Belgium","ZEE",0.00016775805682085,0.00102213348767731,0.00025704217537215,0.00033665606765271,-0.00023921252195768,130.759369427714
1947,3.886946404706,-0.0419728156142787,3.30511382329045,-0.0732228966838816,2.33096379883331,-2.22386755977011,"24_5",0.554823266666667,0.1458505,"ethanol",27.79,10.83,14.79,"Belgium","ZEE",0.00305512639898794,0.00093514250667141,-0.00063411072591208,-0.00025474618543168,0.00042404362007357,125.801700600901
1947,3.886946404706,-0.0419728156142787,3.30511382329045,-0.0732228966838816,2.33096379883331,-2.22386755977011,"24_6",0.5155666,0.1531427,"ethanol",27.22,11.23,16.42,"Belgium","ZEE",0.00046443592690505,-0.00011636518406336,0.00013209950018434,1.83192534274497e-05,-0.00010980309183004,144.824750976734
1947,3.886946404706,-0.0419728156142787,3.30511382329045,-0.0732228966838816,2.33096379883331,-2.22386755977011,"24_7",0.564089766666667,0.243964666666667,"ethanol",30.21,12,15.79,"Belgium","ZEE",0.00079181409718552,-0.00050391483774298,0.00037821991298851,0.00024571412745347,6.60077145539922e-05,148.817244000548
1947,3.886946404706,-0.0419728156142787,3.30511382329045,-0.0732228966838816,2.33096379883331,-2.22386755977011,"24_8",0.413573833333333,0.167243666666667,"ethanol",28.74,11.54,15.89,"Belgium","ZEE",-0.00271298192431745,-0.00167252339679,8.00494798569827e-05,0.00021140643860912,-0.00014515952885288,144.018932461088
1947,3.886946404706,-0.0419728156142787,3.30511382329045,-0.0732228966838816,2.33096379883331,-2.22386755977011,"24_9",0.3993038,0.181257666666667,"ethanol",26.39,10.43,14.09,"Belgium","ZEE",0.00205910790261192,-0.00147358081883324,-0.00039533330979297,0.00013077221137297,-0.00012339175135187,115.421093075277
1948,4.38095979974563,-0.680769590201856,3.46918117979747,0.813073554330029,1.82248392395914,-2.70263655365269,"25_1",0.4475191,0.0833184,"dry",26.16,10.33,14.5,"Belgium","ZEE",0.0018207852143552,0.00047604365318182,-0.00071811001707769,-0.00085140875271287,-6.67715157865751e-05,117.640863904487
1948,4.38095979974563,-0.680769590201856,3.46918117979747,0.813073554330029,1.82248392395914,-2.70263655365269,"25_2",0.947369565217391,0.0800449565217391,"dry",27.14,10.67,17.24,"Belgium","ZEE",-0.00294104376606052,0.00017718560292401,0.00012504185767959,-8.35544692883169e-05,-0.00025920764198143,144.474620475491
1948,4.38095979974563,-0.680769590201856,3.46918117979747,0.813073554330029,1.82248392395914,-2.70263655365269,"25_3",0.486119866666667,0.0817096,"dry",29.69,11.79,16.51,"Belgium","ZEE",0.00258104933612343,-0.00041964359553975,-0.00058263032702533,-0.00033870069233446,0.0001689998252724,152.880030159987
1949,2.4603160009806,0.51323699540674,2.80945720856338,0.396794703030347,1.3503108680398,-2.71803642311531,"26_1",0.6074095,0.236746366666667,"ethanol",27.8,12.31,15.92,"Belgium","ZEE",-0.00345841361994849,0.00069074150568903,0.00129726869301075,4.2656288794114e-05,0.00014459671777876,153.918562151448
1949,2.4603160009806,0.51323699540674,2.80945720856338,0.396794703030347,1.3503108680398,-2.71803642311531,"26_2",0.781640909090909,0.251206272727273,"ethanol",26.16,10.22,14.94,"Belgium","ZEE",0.0007222329350145,0.00039445487666781,0.00076773280016597,-3.93548749568856e-05,-0.00021644275483045,119.919932295034
1949,2.4603160009806,0.51323699540674,2.80945720856338,0.396794703030347,1.3503108680398,-2.71803642311531,"26_3",0.6689555,0.17024,"ethanol",22.75,9.55,14.31,"Belgium","ZEE",-0.00089855226553485,0.000282569266926,0.00062177399550104,0.00045650520686914,0.00021037860821066,107.332905708977
1949,2.4603160009806,0.51323699540674,2.80945720856338,0.396794703030347,1.3503108680398,-2.71803642311531,"26_4",0.403242733333333,0.278701633333333,"ethanol",26.02,10.52,14.62,"Belgium","ZEE",-0.00071113276679084,-0.00103011983718912,0.00085931750019651,0.00024556169675542,-3.31936312824485e-05,120.79612248612
1949,2.4603160009806,0.51323699540674,2.80945720856338,0.396794703030347,1.3503108680398,-2.71803642311531,"26_5",1.1672622,0.0936461,"ethanol",24.06,9.82,15.82,"Belgium","ZEE",-0.00196225961582381,0.00090324557210235,0.0007067528155007,0.00083054051791514,0.0003960875938695,122.013489639386
1949,2.4603160009806,0.51323699540674,2.80945720856338,0.396794703030347,1.3503108680398,-2.71803642311531,"26_6",0.581387344827586,0.194778862068966,"ethanol",22.81,9.96,14.57,"Belgium","ZEE",-0.00235977228173984,0.00190421144335427,0.00060250299689542,0.00076468509874174,4.55543544314846e-05,113.97478235738
1949,2.4603160009806,0.51323699540674,2.80945720856338,0.396794703030347,1.3503108680398,-2.71803642311531,"26_7",0.801864166666667,0.262817166666667,"ethanol",28.54,11.59,17.98,"Belgium","ZEE",7.58027071198677e-05,0.00158817115513278,0.00054284495600884,-0.00076218814527094,0.00033344481792049,163.6677095537
1949,2.4603160009806,0.51323699540674,2.80945720856338,0.396794703030347,1.3503108680398,-2.71803642311531,"26_8",0.814812448275862,0.14861375862069,"ethanol",27.57,10.99,15.71,"Belgium","ZEE",0.00326455458056976,0.00106332102618762,-0.00058219904023495,0.00017889200714343,0.00086803348584079,135.601270565243
1949,2.4603160009806,0.51323699540674,2.80945720856338,0.396794703030347,1.3503108680398,-2.71803642311531,"26_9",0.639124033333333,0.0885004,"ethanol",26.79,11.08,15.94,"Belgium","ZEE",0.00130706451357057,0.00110950180220726,0.0005833870210856,0.00018851060792501,1.39929873008232e-05,138.713253708073
1967,-0.727560528073622,-0.347624366446245,-1.01190698239594,1.75437287322124,1.645731203763,1.78064958295872,"27_1",0.624418233333333,0.147273933333333,"dry",24.11,10.77,14.04,"Belgium","ZEE",-0.00045993388912398,0.0013345752369557,0.00011719264406306,-0.00108625725388863,-0.00037013784607987,118.760684605859
1967,-0.727560528073622,-0.347624366446245,-1.01190698239594,1.75437287322124,1.645731203763,1.78064958295872,"27_2",0.863197956521739,0.158055695652174,"dry",29,10.92,16.51,"Belgium","ZEE",-0.00085356544414067,-0.00077597827655833,-0.00012865771425315,8.87724291965148e-05,-0.00013832715077021,141.598806560395
1967,-0.727560528073622,-0.347624366446245,-1.01190698239594,1.75437287322124,1.645731203763,1.78064958295872,"27_3",0.94697535,0.3316188,"dry",26.83,10.67,14.84,"Belgium","ZEE",-0.00071709991098885,0.00188159608931886,-0.00032091950390316,-0.00054316684152501,0.00011086133033082,124.362144307209
1967,-0.727560528073622,-0.347624366446245,-1.01190698239594,1.75437287322124,1.645731203763,1.78064958295872,"27_4",0.625180366666667,0.1136541,"dry",25.73,10.76,14.97,"Belgium","ZEE",0.00218350479223104,-0.00032747882725516,-0.00010468311112994,-0.00025830754819237,0.00024967795530656,126.509737045203
1977,0.484200220049881,0.33652218868111,0.416244980947815,1.33953021778477,3.16838024804597,1.94628240327545,"31_1",0.955418043478261,0.116538739130435,"dry",27.41,11.8,15.58,"Belgium","ZEE",-0.0024318242907629,0.00019099385653506,0.0006274121913553,8.14087100706308e-05,0.00038628958797179,144.39073995164
1977,0.484200220049881,0.33652218868111,0.416244980947815,1.33953021778477,3.16838024804597,1.94628240327545,"31_10",NA,NA,"dry",29.21,11.9,15.3,"Belgium","ZEE",-0.00018482954440997,-0.00073856425266227,-0.00073406152673393,-0.00013039657688738,-0.00033554270606579,142.997443609773
1977,0.484200220049881,0.33652218868111,0.416244980947815,1.33953021778477,3.16838024804597,1.94628240327545,"31_2",0.432372966666667,0.113494733333333,"dry",27.73,11.26,16.37,"Belgium","ZEE",0.00151602674852824,-0.00038458076512958,0.00065258744844995,-0.00028392480522874,-0.0001925605316138,144.769458946031
1977,0.484200220049881,0.33652218868111,0.416244980947815,1.33953021778477,3.16838024804597,1.94628240327545,"31_3",0.750283266666667,0.127667,"dry",32.43,13.87,18.71,"Belgium","ZEE",-0.00265213176563271,-0.00101646827582639,0.00059508869091268,8.26416574103854e-05,0.00018614816039618,203.816870967496
1977,0.484200220049881,0.33652218868111,0.416244980947815,1.33953021778477,3.16838024804597,1.94628240327545,"31_4",0.671676074074074,0.167227074074074,"dry",27.39,10.97,15.27,"Belgium","ZEE",0.00034122415694322,-4.67268685796715e-05,-0.00052699641537719,0.0007230006978361,0.00028285070087748,131.563538607217
1977,0.484200220049881,0.33652218868111,0.416244980947815,1.33953021778477,3.16838024804597,1.94628240327545,"31_5",0.478773766666667,0.205366366666667,"dry",27.5,11.59,15.06,"Belgium","ZEE",-0.00112904502201104,0.00106375263671003,8.35164769003953e-06,-6.57212013877259e-05,-0.00020893389216111,137.087636589473
1977,0.484200220049881,0.33652218868111,0.416244980947815,1.33953021778477,3.16838024804597,1.94628240327545,"31_6",0.875944761904762,0.194118285714286,"dry",26.25,10.98,15.77,"Belgium","ZEE",-0.00363305926086944,0.00050097102158706,0.00041795405803447,0.00022050857038877,-7.41647433449785e-05,135.99530482382
1977,0.484200220049881,0.33652218868111,0.416244980947815,1.33953021778477,3.16838024804597,1.94628240327545,"31_7",0.854157344827586,0.151276517241379,"dry",27.05,10.67,14.5,"Belgium","ZEE",-0.00375532532357862,0.00053192830976768,-0.00064191885535143,0.00012341819917429,0.00036555830561047,121.512876850036
1977,0.484200220049881,0.33652218868111,0.416244980947815,1.33953021778477,3.16838024804597,1.94628240327545,"31_8",0.878588233333333,0.197089833333333,"dry",31.11,11.9,17.38,"Belgium","ZEE",-0.00213918422090606,6.45882567942354e-05,-0.00056249098113137,7.55326730808851e-05,-0.0003459603972759,162.437618950187
1977,0.484200220049881,0.33652218868111,0.416244980947815,1.33953021778477,3.16838024804597,1.94628240327545,"31_9",NA,NA,"dry",27.92,12.34,15.72,"Belgium","ZEE",-0.00326522053971842,4.6811715951252e-05,5.04932305202126e-05,0.00045107410275804,-0.00054304478464898,152.355305647021
1978,0.359765726597829,-0.016288354813665,-0.488625118722141,1.3112559899644,2.74939728923643,2.23780718792008,"32_1",0.652167866666667,0.394311833333333,"dry",30.9,12.33,15.32,"Belgium","ZEE",-0.0050084490717095,-0.00043391081562315,-0.00091195330884238,0.00041337059087404,5.3695550098594e-05,148.358257313859
1978,0.359765726597829,-0.016288354813665,-0.488625118722141,1.3112559899644,2.74939728923643,2.23780718792008,"32_2",0.751774695652174,0.322388608695652,"dry",31.93,12.84,17.82,"Belgium","ZEE",0.00025816713982567,0.00043370522000193,-0.00022005647706284,0.00021802527603057,-0.00035484313673169,179.706011289174
1978,0.359765726597829,-0.016288354813665,-0.488625118722141,1.3112559899644,2.74939728923643,2.23780718792008,"32_3",0.615678555555556,0.287572259259259,"dry",30.92,12.71,16.3,"Belgium","ZEE",-0.00031243314851435,-0.00049328994342829,0.00039738095722075,-0.00036824425763098,-0.00013110649688592,162.71329370554
1978,0.359765726597829,-0.016288354813665,-0.488625118722141,1.3112559899644,2.74939728923643,2.23780718792008,"32_4",1.0918087,0.145133133333333,"dry",30.56,12.41,16.92,"Belgium","ZEE",-0.00560737886863439,-0.00055032896658204,-0.0008331400944668,-0.00011024630724202,0.00140313370197229,164.915707235339
2019,2.41808080488779,1.7346769768666,-0.780661076186845,2.45329129216749,3.16803069103794,3.23571575654205,"33_1",0.8461853,0.244616066666667,"fresh",34.6,14.39,20.28,"Belgium","ZEE",-0.00153768002556365,-0.00048789659427052,-0.0003519660877439,-0.00065806759697201,-0.00038742277049554,229.202117705747
2019,2.41808080488779,1.7346769768666,-0.780661076186845,2.45329129216749,3.16803069103794,3.23571575654205,"33_2",0.8483213,0.215497,"fresh",30.47,12.04,16.72,"Belgium","ZEE",0.00289196093494786,0.00075216269883899,-0.00127245670288976,-0.00035393380530501,-7.889865424676e-05,158.107561795744
2019,2.41808080488779,1.7346769768666,-0.780661076186845,2.45329129216749,3.16803069103794,3.23571575654205,"33_3",0.704360566666667,0.225466866666667,"fresh",32.45,14.46,19.21,"Belgium","ZEE",-0.00674718064819972,0.00025726229211028,-0.00017268044022861,-0.00026861023145465,0.00092964922884904,218.165231474788
2019,2.41808080488779,1.7346769768666,-0.780661076186845,2.45329129216749,3.16803069103794,3.23571575654205,"33_4",1.1964651,0.0973779,"fresh",32.33,13.84,19.53,"Belgium","ZEE",0.00143060886930654,0.0003559306791087,-0.00016127356216933,-0.00067678250032396,-0.00044887621526398,212.289353655146
2019,2.41808080488779,1.7346769768666,-0.780661076186845,2.45329129216749,3.16803069103794,3.23571575654205,"33_5",0.772838466666667,0.1510603,"fresh",36.16,13.9,18.76,"Belgium","ZEE",0.0027992211519168,-0.00071976627359945,-0.00072027313148605,-0.00024106227214193,-0.00035622363546816,204.803566680172
2019,2.41808080488779,1.7346769768666,-0.780661076186845,2.45329129216749,3.16803069103794,3.23571575654205,"33_6",0.824880766666667,0.1979224,"fresh",31.21,12.91,17.62,"Belgium","ZEE",-0.00139710218859298,2.40563279364218e-05,0.00034270776920531,-6.4190694345953e-05,-2.75120987679867e-05,178.657818900304
2019,2.41808080488779,1.7346769768666,-0.780661076186845,2.45329129216749,3.16803069103794,3.23571575654205,"33_7",1.17690352173913,0.142687739130435,"fresh",35.8,14.88,19.43,"Belgium","ZEE",-0.00430533380958946,-0.00126104942306189,0.00021503534243469,-0.00097944010574674,9.64065579944823e-05,227.073060364409
2019,2.41808080488779,1.7346769768666,-0.780661076186845,2.45329129216749,3.16803069103794,3.23571575654205,"33_8",1.07182816666667,0.106110266666667,"fresh",35.25,14.01,20.57,"Belgium","ZEE",-0.00533382258127006,-0.00177185675676394,-0.00015341501738288,-0.00078103850648223,4.26215651678695e-05,226.340519497408
2019,2.41808080488779,1.7346769768666,-0.780661076186845,2.45329129216749,3.16803069103794,3.23571575654205,"33_9",1.03757953333333,0.129696566666667,"fresh",33.06,12.99,19.17,"Belgium","ZEE",-0.00291643874777095,0.00015777577911908,-0.0005408853457251,-0.00026460807303752,-0.00011590174932749,195.578515472355
