"air_temperature_celsius","year","month"
3.58,1880,1
4.4,1880,2
4.69,1880,3
9.43,1880,4
7.66,1880,5
15.48,1880,6
17.33,1880,7
18.68,1880,8
17.06,1880,9
9.51,1880,10
7.56,1880,11
6,1880,12
3.25,1881,2
4.84,1881,4
9.54,1881,5
12.31,1881,6
16.45,1881,7
15.18,1881,8
14.9,1881,9
9.71,1881,10
6.7,1881,11
5.72,1881,12
6.51,1882,2
7.45,1882,3
9.61,1882,4
12.24,1882,5
13.21,1882,6
16.18,1882,7
16.98,1882,8
15.71,1882,9
14.98,1882,10
7.03,1882,11
4.2,1882,12
6.21,1883,1
6.56,1883,2
4.59,1883,3
6.87,1883,4
10.95,1883,5
13.54,1883,6
18.5,1883,7
16.22,1883,8
16.15,1883,9
13.01,1883,10
10.3,1883,11
5,1883,12
6.68,1884,1
5.66,1884,2
7.33,1884,3
8.66,1884,4
10.88,1884,5
14.1,1884,6
16.07,1884,7
20.6,1884,8
15.81,1884,9
9.69,1884,10
9.9,1884,11
6.5,1884,12
1.64,1885,1
6.65,1885,2
4.57,1885,3
9.12,1885,4
11.04,1885,5
11.9,1885,6
14.99,1885,7
17.44,1885,8
16.5,1885,9
9.83,1885,10
11.6,1885,11
7.8,1885,12
5.1,1886,1
4.39,1886,3
6.12,1886,4
12.19,1886,5
13.51,1886,6
15.24,1886,7
17.16,1886,8
17.67,1886,9
14.14,1886,10
9.8,1886,11
6,1886,12
5.48,1887,1
4.91,1887,2
6.45,1887,3
6.04,1887,4
8.82,1887,5
13.52,1887,6
15.79,1887,7
16.56,1887,8
13.6,1887,9
11.86,1887,10
7,1887,11
6.5,1887,12
2.87,1888,1
1.95,1888,2
3.12,1888,3
4.85,1888,4
9.35,1888,5
12.61,1888,6
15.89,1888,7
14.92,1888,8
14.57,1888,9
10.65,1888,10
9,1888,11
7.57,1888,12
5.78,1889,1
4.1,1889,2
5.74,1889,3
8.1,1889,4
10.95,1889,5
14.92,1889,6
16.56,1889,7
15.78,1889,8
15.89,1889,9
11.82,1889,10
9.07,1889,11
7.18,1889,12
6.77,1890,1
5.05,1890,2
6.61,1890,3
7.84,1890,4
10.98,1890,5
12.68,1890,6
14.68,1890,7
15.81,1890,8
16.2,1890,9
11.96,1890,10
9.11,1890,11
2.19,1890,12
2.98,1891,1
4.33,1891,2
5.26,1891,3
5.54,1891,4
9.31,1891,5
12.92,1891,6
15.7,1891,7
16.25,1891,8
16.64,1891,9
13.71,1891,10
9.78,1891,11
7.83,1891,12
3.5,1892,1
4.87,1892,2
3.61,1892,3
7.77,1892,4
9.37,1892,5
12.41,1892,6
14.44,1892,7
16.65,1892,8
15.89,1892,9
10.68,1892,10
11.13,1892,11
1.1,1892,12
2.6,1893,2
6.9,1893,3
9.64,1893,4
12.46,1893,5
14.7,1893,6
16.34,1893,7
19.2,1893,8
17.2,1893,9
7.6,1893,11
6.31,1894,2
8.56,1894,3
9.98,1894,4
11.4,1894,6
16.31,1894,7
15.8,1894,8
12.09,1894,9
12.36,1894,10
13.18,1894,11
9.06,1894,12
3.76,1895,1
0.96,1895,2
1.68,1895,3
8.45,1895,5
14.57,1895,6
14.1,1895,7
17.9,1895,8
13.56,1895,10
12.2,1895,11
3.1,1895,12
9.7,1896,1
2.23,1896,2
6.64,1896,3
8.27,1896,4
7.43,1896,5
14.66,1896,6
17.34,1896,7
16.83,1896,8
15.7,1896,9
10,1896,11
7.63,1896,12
2.23,1897,1
3.4,1897,2
8.35,1897,3
9.27,1897,4
8.7,1897,5
15,1897,7
16.95,1897,8
13.26,1897,10
5.76,1897,12
4.18,1898,3
9.5,1898,4
8.3,1898,5
14.1,1898,6
15,1898,7
15.65,1898,8
19.13,1898,9
10.93,1898,10
10.18,1898,11
5.81,1899,1
8.25,1899,4
8.3,1899,5
12.2,1899,10
3.34,1899,12
4.96,1900,1
2,1900,2
10.7,1900,12
5.6,1901,2
4.24,1901,4
16.7,1901,6
15.6,1901,9
12.75,1901,10
7.75,1901,11
6.5,1901,12
-0.5,1902,1
3.79,1902,2
5.57,1902,3
5.8,1902,4
6.75,1902,5
11,1902,6
15,1902,7
15.75,1902,8
17.5,1902,9
13,1902,10
9.06,1902,11
4.41,1902,12
4.36,1903,1
6.61,1903,2
7.27,1903,3
6.62,1903,4
10.65,1903,5
12.36,1903,6
14.73,1903,7
15.76,1903,8
14.77,1903,9
13.07,1903,10
8.77,1903,11
5.59,1903,12
4.41,1904,1
4.47,1904,2
4.29,1904,3
7.54,1904,4
9.96,1904,5
12.73,1904,6
16.35,1904,7
16.89,1904,8
15.29,1904,9
12.53,1904,10
9.37,1904,11
7.72,1904,12
4.59,1905,1
5.48,1905,2
6.49,1905,3
6.86,1905,4
10.12,1905,5
13.88,1905,6
16.81,1905,7
16.92,1905,8
15.06,1905,9
10.2,1905,10
7.39,1905,11
6.22,1905,12
5.79,1906,1
4.71,1906,2
4.86,1906,3
6.75,1906,4
9.87,1906,5
11.79,1906,6
15.25,1906,7
16.79,1906,8
15.82,1906,9
13.94,1906,10
10.52,1906,11
5.64,1906,12
5.47,1907,1
3.13,1907,2
5.22,1907,3
6.96,1907,4
9.87,1907,5
12.6,1907,6
13.76,1907,7
15.53,1907,8
15.41,1907,9
13.59,1907,10
10.25,1907,11
7.75,1907,12
4.14,1908,1
5.59,1908,2
4.55,1908,3
6.38,1908,4
10.52,1908,5
13.13,1908,6
15.49,1908,7
15.78,1908,8
14.79,1908,9
13.04,1908,10
9.46,1908,11
6.12,1908,12
5.14,1909,1
3.84,1909,2
4.12,1909,3
7.67,1909,4
9.84,1909,5
12.01,1909,6
14.71,1909,7
15.99,1909,8
14.61,1909,9
13.38,1909,10
8.68,1909,11
5.66,1909,12
5.56,1910,1
5.94,1910,2
6.31,1910,3
8.25,1910,4
10.66,1910,5
13.7,1910,6
14.93,1910,7
16.63,1910,8
15.18,1910,9
13.02,1910,10
7.41,1910,11
7.74,1910,12
4.81,1911,1
5.36,1911,2
5.76,1911,3
6.57,1911,4
10.99,1911,5
13.92,1911,6
16.82,1911,7
18.93,1911,8
16.69,1911,9
12.32,1911,10
8.83,1911,11
7.63,1911,12
5.13,1912,1
5.7,1912,2
7.78,1912,3
8.82,1912,4
11.34,1912,5
14.71,1912,6
17.56,1912,7
15.69,1912,8
13.14,1912,9
11.44,1912,10
8.43,1912,11
7.87,1912,12
5.11,1913,1
5.73,1913,2
7.04,1913,3
8.02,1913,4
11.46,1913,5
14.05,1913,6
14.67,1913,7
15.98,1913,8
16.14,1913,9
13.61,1913,10
11.12,1913,11
7.49,1913,12
3.47,1914,1
6.07,1914,2
6.63,1914,3
9.52,1914,4
11.13,1914,5
13.86,1914,6
17.23,1914,7
18.34,1914,8
15.92,1914,9
12.25,1914,10
8.26,1914,11
6.46,1914,12
5.1,1915,1
4.54,1915,2
5.04,1915,3
7.64,1915,4
11.15,1915,5
14.56,1915,6
16.4,1915,7
17.55,1915,8
15.71,1915,9
10.91,1915,10
5.94,1915,11
6.35,1915,12
7.16,1916,1
4.38,1916,2
4.78,1916,3
8.24,1916,4
12.28,1916,5
12.7,1916,6
14.77,1916,7
16.67,1916,8
15.09,1916,9
12.51,1916,10
8.68,1916,11
5.37,1916,12
2.29,1917,1
2.01,1917,2
2.67,1917,3
4.66,1917,4
10.33,1917,5
12.82,1917,6
14.92,1917,7
15.63,1917,8
15.35,1917,9
10.54,1917,10
9.46,1917,11
6.19,1917,12
4.4,1918,1
4.55,1918,2
4.54,1918,3
6.44,1918,4
10.59,1918,5
12.73,1918,6
14.84,1918,7
16.26,1918,8
14.15,1918,9
11.87,1918,10
8.94,1918,11
8.49,1918,12
4.48,1919,1
2.66,1919,2
4.52,1919,3
6.41,1919,4
11.2,1919,5
13.24,1919,6
13.62,1919,7
15.98,1919,8
15.29,1919,9
10.27,1919,10
4.22,1919,11
5.08,1919,12
5.48,1920,1
6.55,1920,2
7.69,1920,3
9.69,1920,4
12.85,1920,5
15.04,1920,6
16.86,1920,7
15.83,1920,8
15.37,1920,9
11.86,1920,10
6.94,1920,11
4.27,1920,12
6.72,1921,1
5.3,1921,2
7.37,1921,3
8.89,1921,4
11.92,1921,5
14.18,1921,6
17.15,1921,7
17.81,1921,8
16.45,1921,9
15.38,1921,10
5.12,1921,11
6.34,1921,12
3.27,1922,1
3.02,1922,2
4.85,1922,3
6.58,1922,4
11.22,1922,5
14.64,1922,6
15.71,1922,7
16.23,1922,8
14.44,1922,9
10.35,1922,10
7.71,1922,11
7.07,1922,12
6.26,1923,1
5.02,1923,2
6.76,1923,3
8.26,1923,4
10.35,1923,5
11.72,1923,6
17.04,1923,7
16.97,1923,8
15.21,1923,9
12.57,1923,10
7.09,1923,11
4.69,1923,12
2.94,1924,1
3.03,1924,2
4.58,1924,3
6.61,1924,4
11.21,1924,5
14.11,1924,6
16.7,1924,7
16.14,1924,8
15.4,1924,9
12.68,1924,10
8.58,1924,11
7.02,1924,12
6.35,1925,1
6.47,1925,2
5.63,1925,3
8.23,1925,4
12.13,1925,5
14.52,1925,6
17.34,1925,7
17.21,1925,8
14.16,1925,9
12.64,1925,10
6.9,1925,11
5.03,1925,12
4.52,1926,1
6.72,1926,2
6.96,1926,3
9.49,1926,4
10.85,1926,5
13.46,1926,6
16.88,1926,7
17.33,1926,8
17.03,1926,9
11.54,1926,10
8.89,1926,11
6.26,1926,12
6.04,1927,1
5.11,1927,2
7.46,1927,3
8.94,1927,4
11.07,1927,5
13.56,1927,6
16.48,1927,7
17.56,1927,8
15.76,1927,9
13.01,1927,10
7.68,1927,11
2.64,1927,12
4.93,1928,1
6.37,1928,2
6.19,1928,3
8.54,1928,4
10.6,1928,5
13.58,1928,6
16.96,1928,7
17.22,1928,8
16.14,1928,9
12.89,1928,10
10.31,1928,11
5.89,1928,12
2.36,1929,1
0.34,1929,2
3.71,1929,3
5.65,1929,4
10.07,1929,5
13.27,1929,6
16.1,1929,7
17.13,1929,8
17.69,1929,9
13.08,1929,10
9.09,1929,11
7.55,1929,12
7.29,1930,1
4.21,1930,2
5.85,1930,3
8.35,1930,4
10.99,1930,5
15.78,1930,6
16.51,1930,7
17.2,1930,8
15.8,1930,9
13,1930,10
9.83,1930,11
5.99,1930,12
5.54,1931,1
4.14,1931,2
4.04,1931,3
7.36,1931,4
11.59,1931,5
14.68,1931,6
16.77,1931,7
16.44,1931,8
14.29,1931,9
12.35,1931,10
9.18,1931,11
6.98,1931,12
6.65,1932,1
4.31,1932,2
4.91,1932,3
7.39,1932,4
11,1932,5
13.95,1932,6
17.2,1932,7
18.91,1932,8
16.65,1932,9
12.16,1932,10
8.4,1932,11
6.46,1932,12
3.43,1933,1
4.43,1933,2
6.7,1933,3
8.31,1933,4
11.17,1933,5
14.96,1933,6
17.65,1933,7
18.51,1933,8
17.01,1933,9
13.36,1933,10
7.79,1933,11
2.46,1933,12
4.66,1934,1
4.51,1934,2
5.67,1934,3
8.33,1934,4
11.07,1934,5
14.41,1934,6
17.24,1934,7
17.9,1934,8
17.57,1934,9
13.67,1934,10
9.19,1934,11
9.02,1934,12
6.14,1935,1
5.84,1935,2
5.85,1935,3
7.97,1935,4
10.84,1935,5
14.94,1935,6
17.49,1935,7
18.19,1935,8
16.32,1935,9
12.52,1935,10
9.94,1935,11
5.95,1935,12
6.36,1936,1
4.32,1936,2
6.68,1936,3
7.19,1936,4
11.06,1936,5
14.83,1936,6
16.6,1936,7
17.51,1936,8
16.43,1936,9
12.09,1936,10
8.74,1936,11
6.55,1936,12
5.18,1937,1
6.29,1937,2
5.08,1937,3
8.05,1937,4
11.74,1937,5
14.76,1937,6
16.62,1937,7
17.65,1937,8
15.92,1937,9
13.49,1937,10
8.57,1937,11
5.2,1937,12
6.21,1938,1
4.99,1938,2
7.35,1938,3
7.61,1938,4
10.49,1938,5
14.03,1938,6
16.21,1938,7
17.85,1938,8
16.75,1938,9
12.95,1938,10
11.42,1938,11
6.14,1938,12
5.29,1939,1
5.09,1939,2
5.69,1939,3
8.41,1939,4
10.85,1939,5
14.5,1939,6
16.6,1939,7
18.18,1939,8
20.13,1939,9
12.2,1939,10
8.9,1939,11
6.03,1939,12
14.32,1941,10
0.85,1942,2
5.6,1942,5
10.6,1942,12
16.7,1943,7
15,1944,7
17.2,1945,7
8.85,1946,5
12.1,1946,6
15.55,1946,7
16.1,1946,8
15.55,1946,9
11.64,1946,10
9.58,1946,11
4.96,1946,12
19.3,1947,9
13.94,1947,10
6.95,1947,11
8.2,1947,12
14.5,1948,7
13,1948,9
13.3,1948,10
8.8,1948,11
10.81,1948,12
6.92,1949,1
5,1949,2
5.63,1949,3
8.9,1949,4
9.76,1949,5
12.55,1949,6
15.6,1949,7
16.95,1949,8
17.43,1949,9
14.34,1949,10
9.88,1949,11
8.51,1949,12
5.22,1950,1
4.3,1950,2
8.07,1950,3
10.85,1950,4
12.23,1950,5
14.25,1950,6
16.82,1950,7
17.54,1950,8
15.71,1950,9
11.52,1950,10
9.19,1950,11
4.74,1950,12
5.3,1951,1
5.88,1951,2
4.38,1951,3
6.86,1951,4
9.52,1951,5
12.46,1951,6
15.01,1951,7
17.2,1951,8
15.94,1951,9
12.57,1951,10
11.12,1951,11
7.94,1951,12
5.5,1952,1
4.19,1952,2
5.2,1952,3
7.82,1952,4
10.95,1952,5
13.56,1952,6
17.19,1952,7
16.97,1952,8
14.33,1952,9
11.62,1952,10
8.16,1952,11
5.97,1952,12
5.11,1953,1
4.61,1953,2
4.47,1953,3
6.99,1953,4
9.11,1953,5
11.5,1953,6
15.55,1953,7
16.79,1953,8
15.65,1953,9
13.59,1953,10
11.59,1953,11
9.53,1953,12
7.08,1954,1
2.08,1954,2
5.18,1954,3
7.39,1954,4
10.04,1954,5
13.66,1954,6
14.4,1954,7
15.2,1954,8
16.07,1954,9
13.55,1954,10
10.43,1954,11
8.63,1954,12
3.78,1955,1
2.76,1955,2
3.05,1955,3
6.29,1955,4
8,1955,5
12.48,1955,6
15.05,1955,7
17.12,1955,8
16.1,1955,9
12.2,1955,10
11.09,1955,11
8.1,1955,12
5.3,1956,1
1.37,1956,2
5.3,1956,3
5.96,1956,4
9.66,1956,5
12.08,1956,6
14.15,1956,7
14.97,1956,8
14.89,1956,9
12.23,1956,10
9.74,1956,11
8.86,1956,12
7.31,1957,1
6.72,1957,2
7.98,1957,3
8.17,1957,4
10.58,1957,5
14.63,1957,6
15.99,1957,7
16.13,1957,8
13.61,1957,9
13.15,1957,10
9.04,1957,11
6.97,1957,12
5.4,1958,1
5.54,1958,2
3.76,1958,3
5.82,1958,4
10.39,1958,5
13.49,1958,6
15.15,1958,7
16.39,1958,8
16.08,1958,9
13.06,1958,10
9.35,1958,11
8.2,1958,12
4.9,1959,1
3.81,1959,2
6.7,1959,3
9.8,1959,4
10.55,1959,5
14.21,1959,6
15.84,1959,7
16.72,1959,8
16.88,1959,9
14.17,1959,10
9.43,1959,11
8.17,1959,12
4.63,1960,1
5.57,1960,2
5.33,1960,3
8.12,1960,4
10.59,1960,5
14.52,1960,6
15.44,1960,7
16.85,1960,8
15.34,1960,9
12.63,1960,10
9.88,1960,11
7.99,1960,12
5.42,1961,1
7.08,1961,2
7.41,1961,3
9.37,1961,4
10.51,1961,5
13.9,1961,6
14.95,1961,7
15.87,1961,8
16.02,1961,9
14.01,1961,10
9.85,1961,11
5.36,1961,12
6.81,1962,1
5.21,1962,2
3.64,1962,3
6.35,1962,4
8.65,1962,5
11.87,1962,6
13.23,1962,7
15.13,1962,8
14.38,1962,9
12.65,1962,10
8.54,1962,11
6.43,1962,12
0.8,1963,1
0.57,1963,2
4.03,1963,3
6.14,1963,4
8.93,1963,5
12.47,1963,6
14.78,1963,7
15.36,1963,8
14.51,1963,9
11.68,1963,10
11.16,1963,11
5.61,1963,12
5.08,1964,1
5.25,1964,2
3.33,1964,3
6.87,1964,4
10.6,1964,5
13.35,1964,6
15.26,1964,7
16.12,1964,8
15.49,1964,9
11.45,1964,10
9.94,1964,11
7.04,1964,12
5.44,1965,1
4.61,1965,2
4.7,1965,3
6.84,1965,4
9.59,1965,5
12.5,1965,6
14.16,1965,7
15.4,1965,8
14.33,1965,9
13.16,1965,10
7.98,1965,11
6.45,1965,12
3.89,1966,1
4.91,1966,2
5.87,1966,3
7.04,1966,4
10.5,1966,5
13.71,1966,6
15,1966,7
15.62,1966,8
15.35,1966,9
13.48,1966,10
8.8,1966,11
6.86,1966,12
5.59,1967,1
6.19,1967,2
7.29,1967,3
7.35,1967,4
10.87,1967,5
13.05,1967,6
16.17,1967,7
16.61,1967,8
15.72,1967,9
12.33,1967,10
9.02,1967,11
6.42,1967,12
4.8,1968,1
3.7,1968,2
5.84,1968,3
7.33,1968,4
9.86,1968,5
13.39,1968,6
15.17,1968,7
16.04,1968,8
15.73,1968,9
14.14,1968,10
9.53,1968,11
5.38,1968,12
6.64,1969,1
3.26,1969,2
3.52,1969,3
6.52,1969,4
10.16,1969,5
13.28,1969,6
15.93,1969,7
17.28,1969,8
15.95,1969,9
14.59,1969,10
9.04,1969,11
5.39,1969,12
4.46,1970,1
4.35,1970,2
4.88,1970,3
6.25,1970,4
10.55,1970,5
14.8,1970,6
15.38,1970,7
16.8,1970,8
15.81,1970,9
13.07,1970,10
10.83,1970,11
7.74,1970,12
6.33,1971,1
5.87,1971,2
5.31,1971,3
8.01,1971,4
11.38,1971,5
12.72,1971,6
15.98,1971,7
17.07,1971,8
15.9,1971,9
13.78,1971,10
9.02,1971,11
8.24,1971,12
4.76,1972,1
5.41,1972,2
6.63,1972,3
8.34,1972,4
11.04,1972,5
13.34,1972,6
15.82,1972,7
16.39,1972,8
14.75,1972,9
12.7,1972,10
9.4,1972,11
8.6,1972,12
6.62,1973,1
6.04,1973,2
6.94,1973,3
7.09,1973,4
10.67,1973,5
14.16,1973,6
15.82,1973,7
17.02,1973,8
15.61,1973,9
11.95,1973,10
8.21,1973,11
6.39,1973,12
6.81,1974,1
6.46,1974,2
6.32,1974,3
7.88,1974,4
10.59,1974,5
13.21,1974,6
15.11,1974,7
16.51,1974,8
14.48,1974,9
10.21,1974,10
8.78,1974,11
7.76,1974,12
7.71,1975,1
5.67,1975,2
6.14,1975,3
7.09,1975,4
9.36,1975,5
13.17,1975,6
16.07,1975,7
18.11,1975,8
16.05,1975,9
12.4,1975,10
9.5,1975,11
7.53,1975,12
5.66,1976,1
4.37,1976,2
4.36,1976,3
6.83,1976,4
10.49,1976,5
14.41,1976,6
16.8,1976,7
17.11,1976,8
15.67,1976,9
12.87,1976,10
9.93,1976,11
5.55,1976,12
4.98,1977,1
5.83,1977,2
7.09,1977,3
7.13,1977,4
10.12,1977,5
12.21,1977,6
14.77,1977,7
15.66,1977,8
14.66,1977,9
13.66,1977,10
9.2,1977,11
7.27,1977,12
5.13,1978,1
3.23,1978,2
5.78,1978,3
6.13,1978,4
9.25,1978,5
12.59,1978,6
14.03,1978,7
15.37,1978,8
14.5,1978,9
13.16,1978,10
10.31,1978,11
5.34,1978,12
2.52,1979,1
1.94,1979,2
4.19,1979,3
6.37,1979,4
9.22,1979,5
12.56,1979,6
14.8,1979,7
15.61,1979,8
14.76,1979,9
13.28,1979,10
9.33,1979,11
7.5,1979,12
4.13,1980,1
5.83,1980,2
5.43,1980,3
7.56,1980,4
9.81,1980,5
13.11,1980,6
14.36,1980,7
16.06,1980,8
16.34,1980,9
11.76,1980,10
7.9,1980,11
6.35,1980,12
4.91,1981,1
3.44,1981,2
6.17,1981,3
6.72,1981,4
10.45,1981,5
12.61,1981,6
14.99,1981,7
16.03,1981,8
16.4,1981,9
10.93,1981,10
8.9,1981,11
3.85,1981,12
4.45,1982,1
4.22,1982,2
5.52,1982,3
6.83,1982,4
10.34,1982,5
13.87,1982,6
15.8,1982,7
16.41,1982,8
15.75,1982,9
13.11,1982,10
10.37,1982,11
6.61,1982,12
6.97,1983,1
3.15,1983,2
5.49,1983,3
6.92,1983,4
9.62,1983,5
13.1,1983,6
16.02,1983,7
16.77,1983,8
14.95,1983,9
12.43,1983,10
9.6,1983,11
7.31,1983,12
5.2,1984,1
4.37,1984,2
4.75,1984,3
6.87,1984,4
8.85,1984,5
11.78,1984,6
13.95,1984,7
16.75,1984,8
14.67,1984,9
13.03,1984,10
10.63,1984,11
8.22,1984,12
2.56,1985,1
2.27,1985,2
4.05,1985,3
6.96,1985,4
9.48,1985,5
11.89,1985,6
15.12,1985,7
15.61,1985,8
14.87,1985,9
13.15,1985,10
6.75,1985,11
7.89,1985,12
4.87,1986,1
-0.02,1986,2
3.56,1986,3
5.19,1986,4
9.66,1986,5
12.22,1986,6
15.19,1986,7
14.89,1986,8
13.02,1986,9
12.6,1986,10
9.94,1986,11
7.55,1986,12
2.4,1987,1
3.51,1987,2
2.88,1987,3
7.16,1987,4
8.24,1987,5
11.89,1987,6
14.92,1987,7
15.34,1987,8
15.01,1987,9
12.84,1987,10
9.81,1987,11
7.42,1987,12
7.22,1988,1
6.03,1988,2
5.79,1988,3
7.23,1988,4
10.67,1988,5
12.74,1988,6
14.94,1988,7
15.67,1988,8
14.44,1988,9
12.41,1988,10
8.74,1988,11
7.98,1988,12
6.97,1989,1
6.39,1989,2
7.13,1989,3
6.45,1989,4
10.57,1989,5
12.78,1989,6
15.85,1989,7
16.77,1989,8
15.98,1989,9
13.51,1989,10
9.91,1989,11
7.78,1989,12
7.5,1990,1
7.52,1990,2
7.55,1990,3
7.61,1990,4
10.99,1990,5
13.23,1990,6
15.3,1990,7
17.3,1990,8
14.6,1990,9
13.34,1990,10
9.44,1990,11
6.92,1990,12
5.54,1991,1
2.69,1991,2
6.59,1991,3
7.23,1991,4
9.02,1991,5
11.65,1991,6
15.7,1991,7
17.02,1991,8
15.96,1991,9
12.6,1991,10
8.91,1991,11
6.98,1991,12
5.8,1992,1
5.71,1992,2
6.56,1992,3
7.75,1992,4
11.53,1992,5
14.29,1992,6
16.31,1992,7
16.94,1992,8
15.45,1992,9
10.89,1992,10
9.3,1992,11
6.98,1992,12
6.63,1993,1
5,1993,2
5.94,1993,3
8.03,1993,4
10.45,1993,5
13.38,1993,6
15.2,1993,7
15.51,1993,8
14.51,1993,9
11.44,1993,10
7.11,1993,11
7.09,1993,12
6.51,1994,1
4,1994,2
6.62,1994,3
7.41,1994,4
9.99,1994,5
13.11,1994,6
16.72,1994,7
17.2,1994,8
14.64,1994,9
11.89,1994,10
11.79,1994,11
8.88,1994,12
6.53,1995,1
6.96,1995,2
6.79,1995,3
8.27,1995,4
10.89,1995,5
11.95,1995,6
16.42,1995,7
18.14,1995,8
15.63,1995,9
14.89,1995,10
10.55,1995,11
5.17,1995,12
3.44,1996,1
3.04,1996,2
3.46,1996,3
6.78,1996,4
8.47,1996,5
12.55,1996,6
14.81,1996,7
16.7,1996,8
14.69,1996,9
13.27,1996,10
8.95,1996,11
4.81,1996,12
2.44,1997,1
5.97,1997,2
6.74,1997,3
7.82,1997,4
10.11,1997,5
13.15,1997,6
15.6,1997,7
18.38,1997,8
15.82,1997,9
12.46,1997,10
10.16,1997,11
7.65,1997,12
6.86,1998,1
7.2,1998,2
7.32,1998,3
8.39,1998,4
11.81,1998,5
14.31,1998,6
15.57,1998,7
16.11,1998,8
15.3,1998,9
11.94,1998,10
8.17,1998,11
6.92,1998,12
6.37,1999,1
5.18,1999,2
6.26,1999,3
7.87,1999,4
11.31,1999,5
13.39,1999,6
16.31,1999,7
16.81,1999,8
17.1,1999,9
12.48,1999,10
9.44,1999,11
6.61,1999,12
6.33,2000,1
6.18,2000,2
6.48,2000,3
7.94,2000,4
11.07,2000,5
13.59,2000,6
14.03,2000,7
16.87,2000,8
16.34,2000,9
12.82,2000,10
9.59,2000,11
7.85,2000,12
5.69,2001,1
5.42,2001,2
5.43,2001,3
7.32,2001,4
10.81,2001,5
13.13,2001,6
16.34,2001,7
17.37,2001,8
15.04,2001,9
15.28,2001,10
9.74,2001,11
7.18,2001,12
6.88,2002,1
6.94,2002,2
7.14,2002,3
9.02,2002,4
11.21,2002,5
14.37,2002,6
16.05,2002,7
18.12,2002,8
16.16,2002,9
12.26,2002,10
11.14,2002,11
6.33,2002,12
5.18,2003,1
4.41,2003,2
6.62,2003,3
8.16,2003,4
11.44,2003,5
15.19,2003,6
16.99,2003,7
17.95,2003,8
16.65,2003,9
11.47,2003,10
10.54,2003,11
7.89,2003,12
6.29,2004,1
6.47,2004,2
6.01,2004,3
8.36,2004,4
10.27,2004,5
13.62,2004,6
15.64,2004,7
17.4,2004,8
15.48,2004,9
12.48,2004,10
9.39,2004,11
7.22,2004,12
6.57,2005,1
4.43,2005,2
5.42,2005,3
7.5,2005,4
9.81,2005,5
13.12,2005,6
14.85,2005,7
15.3,2005,8
15.75,2005,9
14.21,2005,10
9.58,2005,11
6.59,2005,12
4.95,2006,1
4.16,2006,2
3.88,2006,3
6.76,2006,4
10.38,2006,5
12.78,2006,6
17.06,2006,7
15.95,2006,8
16.8,2006,9
14.47,2006,10
10.37,2006,11
8.47,2006,12
7.42,2007,1
6.42,2007,2
7.3,2007,3
9.18,2007,4
10.81,2007,5
13.47,2007,6
15.75,2007,7
16.56,2007,8
15.04,2007,9
12.83,2007,10
9.22,2007,11
7.38,2007,12
7.44,2008,1
6.64,2008,2
5.89,2008,3
7.47,2008,4
11.55,2008,5
13.69,2008,6
16.17,2008,7
17.06,2008,8
15.75,2008,9
11.8,2008,10
9.21,2008,11
5.87,2008,12
4.79,2009,1
4.55,2009,2
6.12,2009,3
8.38,2009,4
11.45,2009,5
13.52,2009,6
16.41,2009,7
18.05,2009,8
16.14,2009,9
12.97,2009,10
10.97,2009,11
6.21,2009,12
3.29,2010,1
3.2,2010,2
5.5,2010,3
7.73,2010,4
9.36,2010,5
13.22,2010,6
16.79,2010,7
16.35,2010,8
15.2,2010,9
12.75,2010,10
7.46,2010,11
3.74,2010,12
4.86,2011,1
5.29,2011,2
5.81,2011,3
9.56,2011,4
11.76,2011,5
13.98,2011,6
15.12,2011,7
16.07,2011,8
15.99,2011,9
13.52,2011,10
11.52,2011,11
7.59,2011,12
6.4,2012,1
4.06,2012,2
6.92,2012,3
7.47,2012,4
10.11,2012,5
12.94,2012,6
15.55,2012,7
17.55,2012,8
15.22,2012,9
12.12,2012,10
9.48,2012,11
6.63,2012,12
4.78,2013,1
3.55,2013,2
2.9,2013,3
5.84,2013,4
8.78,2013,5
11.77,2013,6
15.7,2013,7
17.25,2013,8
15.31,2013,9
13.7,2013,10
8.99,2013,11
8.02,2013,12
7.27,2014,1
7.27,2014,2
7.93,2014,3
9.21,2014,4
11.54,2014,5
14.27,2014,6
17.05,2014,7
16.39,2014,8
16.31,2014,9
14.46,2014,10
11.39,2014,11
7.57,2014,12
6.03,2015,1
5.19,2015,2
6.23,2015,3
7.39,2015,4
10.28,2015,5
12.95,2015,6
15.6,2015,7
16.88,2015,8
14.44,2015,9
12.97,2015,10
11.08,2015,11
10.27,2015,12
7.23,2016,1
6.13,2016,2
6.12,2016,3
7.42,2016,4
10.85,2016,5
13.08,2016,6
17.33,2016,8
17.83,2016,9
17.83,2016,9
17.83,2016,9
13.14,2016,10
9.03,2016,11
8.43,2016,12
5.55,2017,1
5.64,2017,2
7.57,2017,3
8.04,2017,4
11.37,2017,5
14.91,2017,6
16.24,2017,7
16.94,2017,8
15.25,2017,9
13.66,2017,10
9.36,2017,11
6.68,2017,12
6.04,2018,12
6.13,2018,1
3.54,2018,2
4,2018,3
7.76,2018,4
10.77,2018,5
13.23,2018,6
17.04,2018,7
17.69,2018,8
15.59,2018,9
13.12,2018,10
10.1,2018,11
8.27,2018,12
10.1,2018,11
6.88,2019,1
5.98,2019,1
6.74,2019,2
6.74,2019,2
6.74,2019,2
6.74,2019,2
6.74,2019,2
6.74,2019,2
6.74,2019,2
6.74,2019,2
6.74,2019,2
6.74,2019,2
6.74,2019,2
6.74,2019,2
6.74,2019,2
6.74,2019,2
6.74,2019,2
7.08,2019,3
8.54,2019,4
10.2,2019,5
14.33,2019,6
16.69,2019,7
18.05,2019,8
15.72,2019,9
12.88,2019,10
9.24,2019,11
8.05,2019,12
